{
    "Name": "Half Metal Frame",
    "Index": 2,
    "Type": "Stability",
    "Cost": 300,
    "Center": [32,16],
    "Stex": "half_frame.png",
    "Properties": {
        "Rot": 0,
        "Friction": 0.95,
        "Weight": 13,
        "Bounciness": 0.015,
        "JoiningBehavior": "Provide"

    },
    "Description": ["half frame for everyday vehicle building use."],
    "ShowProperties": ["Weight"],
    "JointData": {
        "BreakPoint": 19000,
        "Hardness": 0.98,
        "Type": "Solid",
        "Data":{
        }
    },
    "Joints":[
        {
            "Type": "Provide",
            "Pos": [32,0]
        },
        {
            "Type": "Provide",
            "Pos": [64,16]
        },
        {
            "Type": "Provide",
            "Pos": [32, 32]
        },
        {
            "Type": "Provide",
            "Pos": [0, 16]
        }
    ],
    "Hitbox":{
            "Pos": [0,0],
            "Type": "Rect",
            "Size":[64,32],
            "Anchor":[32,16],
            "CollisionType": "Full"
        },
    "Textures": [{
        "Image": "half_frame.png",
        "Pos": [0,0],
        "Size": [64,32]
    }],
    "Sounds": {
        "Crash": [["suspension_2.ogg",0.5], ["metal_crash_3.ogg",0.5], ["metal_crash_4.ogg",0.5]],
        "Active": [[]],
        "Constraints":[[]],
        "Idle":[[]]
    }
    
}