{
    "Gravity": [0,340],
    "Name": "Hillside",
    "Background": [120, 150, 170],
    "Preview": "preview_hillside.png",
    "MoneyMultiplicator": 1.75,
    "Description": "The Classic",
    "Visuals":{
        "GroundColors": [[120, 200, 110], [170,120, 40], [150, 110, 0], [120, 100, 0]],  
        "LayerHeights": [25,30,35,35],
        "HasSurfaceMarkings": false,
        "Assets": [
            {"image": "asset_rock_1.png", "size": [100,100], "offset": [-60, -60]},
            {"image": "asset_rock_2.png", "size": [50,50], "offset": [-40, -40]},
            {"image": "asset_rock_4.jpg", "size": [100,100], "offset": [-70, -70]},
            {"image": "asset_tree_1.jpg", "size": [200,400], "offset": [-170, -360]},
            {"image": "asset_tree_2.jpg", "size": [260,460], "offset": [-250, -420]},
            {"image": "asset_tree_3.jpg", "size": [300,600], "offset": [-270, -560]},
            {"image": "asset_sign_4.jpg", "size": [180,220], "offset": [0, -200]},
            {"image": "asset_bush_1.jpg", "size": [120,120], "offset": [-70, -70]},
            {"image": "asset_bush_3.png", "size": [150,200], "offset": [-130, -170]},
            {"image": "asset_bush_1.jpg", "size": [200,220], "offset": [-170, -190]}],
        "AssetFrequency": 6
    },
    "Terrain":{
        "Scale": 70,
        "Flatness": 2.3,
        "Difficulty": 5,
        "Layers": 3,
        "StartVariability": 30,
        "StartScale": 24,
        "UpscaleFactor": 1.2,
        "RandomNoise": [true, true, false]
    },
    "Physics":{
        "Friction": 0.8,
        "Bounce": 0.04,
        "Oxygen": true
    }
}