[{"JoinedParts": [0, 1], "JointData": {"BreakPoint": 5000, "Hardness": 1, "Type": "Solid", "Data": {}}, "PositionData": [[570.0, 405.0], [581.0, 412.0], [64, 64]], "SoundData": [["suspension_2.ogg", 0.5], ["metal_crash_3.ogg", 0.5], ["metal_crash_4.ogg", 0.5]]}, {"JoinedParts": [0, 1], "JointData": {"BreakPoint": 5000, "Hardness": 1, "Type": "Solid", "Data": {}}, "PositionData": [[570.0, 405.0], [581.0, 412.0], [64, 64]], "SoundData": [["suspension_2.ogg", 0.5], ["metal_crash_3.ogg", 0.5], ["metal_crash_4.ogg", 0.5]]}, {"JoinedParts": [0, 1], "JointData": {"BreakPoint": 5000, "Hardness": 1, "Type": "Solid", "Data": {}}, "PositionData": [[570.0, 405.0], [581.0, 412.0], [64, 64]], "SoundData": [["suspension_2.ogg", 0.5], ["metal_crash_3.ogg", 0.5], ["metal_crash_4.ogg", 0.5]]}, {"JoinedParts": [0, 1], "JointData": {"BreakPoint": 5000, "Hardness": 1, "Type": "Solid", "Data": {}}, "PositionData": [[570.0, 405.0], [581.0, 412.0], [64, 64]], "SoundData": [["suspension_2.ogg", 0.5], ["metal_crash_3.ogg", 0.5], ["metal_crash_4.ogg", 0.5]]}, {"JoinedParts": [1, 2], "JointData": {"BreakPoint": 26000, "Hardness": 1, "Type": "Solid", "Data": {}}, "PositionData": [[634.0, 405.0], [639.0, 412.0], [64, 64]], "SoundData": [["suspension_2.ogg", 0.5], ["metal_crash_3.ogg", 0.5], ["metal_crash_4.ogg", 0.5]]}, {"JoinedParts": [1, 2], "JointData": {"BreakPoint": 26000, "Hardness": 1, "Type": "Solid", "Data": {}}, "PositionData": [[634.0, 405.0], [639.0, 412.0], [64, 64]], "SoundData": [["suspension_2.ogg", 0.5], ["metal_crash_3.ogg", 0.5], ["metal_crash_4.ogg", 0.5]]}, {"JoinedParts": [1, 2], "JointData": {"BreakPoint": 26000, "Hardness": 1, "Type": "Solid", "Data": {}}, "PositionData": [[634.0, 405.0], [639.0, 412.0], [64, 64]], "SoundData": [["suspension_2.ogg", 0.5], ["metal_crash_3.ogg", 0.5], ["metal_crash_4.ogg", 0.5]]}, {"JoinedParts": [1, 2], "JointData": {"BreakPoint": 26000, "Hardness": 1, "Type": "Solid", "Data": {}}, "PositionData": [[634.0, 405.0], [639.0, 412.0], [64, 64]], "SoundData": [["suspension_2.ogg", 0.5], ["metal_crash_3.ogg", 0.5], ["metal_crash_4.ogg", 0.5]]}, {"JoinedParts": [2, 3], "JointData": {"BreakPoint": 1750, "Type": "Spring", "Data": {"Distance": 74, "Damping": 18, "Stiffness": 1200}}, "PositionData": [[666.0, 437.0], [656.0, 444.0], [64, 64]], "SoundData": [["tyre_1.ogg", 1], ["tyre_2.ogg", 1], ["tyre_3.ogg", 1]]}, {"JoinedParts": [2, 3], "JointData": {"BreakPoint": 1750, "Type": "Spring", "Data": {"Distance": 74, "Damping": 18, "Stiffness": 1200}}, "PositionData": [[666.0, 437.0], [656.0, 444.0], [64, 64]], "SoundData": [["tyre_1.ogg", 1], ["tyre_2.ogg", 1], ["tyre_3.ogg", 1]]}, {"JoinedParts": [2, 3], "JointData": {"BreakPoint": 1750, "Type": "Spring", "Data": {"Distance": 74, "Damping": 18, "Stiffness": 1200}}, "PositionData": [[666.0, 437.0], [656.0, 444.0], [64, 64]], "SoundData": [["tyre_1.ogg", 1], ["tyre_2.ogg", 1], ["tyre_3.ogg", 1]]}, {"JoinedParts": [2, 3], "JointData": {"BreakPoint": 1750, "Type": "Spring", "Data": {"Distance": 74, "Damping": 18, "Stiffness": 1200}}, "PositionData": [[666.0, 437.0], [656.0, 444.0], [64, 64]], "SoundData": [["tyre_1.ogg", 1], ["tyre_2.ogg", 1], ["tyre_3.ogg", 1]]}, {"JoinedParts": [0, 4], "JointData": {"BreakPoint": 3000, "Type": "Spring", "Data": {"Distance": 72, "Damping": 10, "Stiffness": 3200}}, "PositionData": [[538.0, 437.0], [543.0, 440.0], [64, 64]], "SoundData": [["tyre_1.ogg", 1], ["tyre_2.ogg", 1], ["tyre_3.ogg", 1]]}, {"JoinedParts": [0, 4], "JointData": {"BreakPoint": 3000, "Type": "Spring", "Data": {"Distance": 72, "Damping": 10, "Stiffness": 3200}}, "PositionData": [[538.0, 437.0], [543.0, 440.0], [64, 64]], "SoundData": [["tyre_1.ogg", 1], ["tyre_2.ogg", 1], ["tyre_3.ogg", 1]]}, {"JoinedParts": [0, 4], "JointData": {"BreakPoint": 3000, "Type": "Spring", "Data": {"Distance": 72, "Damping": 10, "Stiffness": 3200}}, "PositionData": [[538.0, 437.0], [543.0, 440.0], [64, 64]], "SoundData": [["tyre_1.ogg", 1], ["tyre_2.ogg", 1], ["tyre_3.ogg", 1]]}, {"JoinedParts": [0, 4], "JointData": {"BreakPoint": 3000, "Type": "Spring", "Data": {"Distance": 72, "Damping": 10, "Stiffness": 3200}}, "PositionData": [[538.0, 437.0], [543.0, 440.0], [64, 64]], "SoundData": [["tyre_1.ogg", 1], ["tyre_2.ogg", 1], ["tyre_3.ogg", 1]]}]