{
    "Name": "Metal Wheel",
    "Index": 87659,
    "Type": "Wheel",
    "Cost": 3000,
    "Stex": "metal_ball.png",
    "Center": [32,32],
    "Properties": {
        "Rot": 0,
        "FuelUse": 0.6,
        "MaxImpulse": 1080,
        "Force": 1.8,
        "Friction": 0.5,
        "Weight": 60,
        "Bounciness": 0,
        "JoiningBehavior": "Accept"
    },
    "Description": ["A wheel removed from a shopping cart.it is very stable and has less damping", "connect it to an engine to power it"],
    "ShowProperties": ["Weight", "Force"],
    "JointData": {
        "BreakPoint": 7000,
        "Type": "Spring",
        "Data":{
            "Distance": 64,
            "Damping": 0.2,
            "Stiffness": 16000
        }
    },
    "Build":{
        "NeedsJoint": 1,
        "HasRotation": 1
    },
    "Joints":[
        {
            "Type": "Accept",
            "Pos": [32,0]
        }
    ],
    "Hitbox":{
        "Pos": [32,32],
        "Type": "Circle",
        "Size": 32,
        "Anchor": [0,0],
        "CollisionType": "Semi",
        "HasTwoAnchors": false
    },
    "Textures": [{
        "Image": "metal_ball.png",
        "Pos": [0,0],
        "Size": [64,64]
    }],
    "Sounds": {
        "Crash": [["tyre_1.ogg",1], ["tyre_2.ogg",1], ["tyre_3.ogg",1]],
        "Active": [[]],
        "Constraints":[[]],
        "Idle":[[]]
    }
}