[{"JoinedParts": [0, 1], "JointData": {"BreakPoint": 5000, "Hardness": 1, "Type": "Solid", "Data": {}}, "PositionData": [[453.0, 408.0], [460.0, 409.0], [64, 64]], "SoundData": [["suspension_2.ogg", 0.5], ["metal_crash_3.ogg", 0.5], ["metal_crash_4.ogg", 0.5]]}, {"JoinedParts": [0, 1], "JointData": {"BreakPoint": 5000, "Hardness": 1, "Type": "Solid", "Data": {}}, "PositionData": [[453.0, 408.0], [460.0, 409.0], [64, 64]], "SoundData": [["suspension_2.ogg", 0.5], ["metal_crash_3.ogg", 0.5], ["metal_crash_4.ogg", 0.5]]}, {"JoinedParts": [0, 1], "JointData": {"BreakPoint": 5000, "Hardness": 1, "Type": "Solid", "Data": {}}, "PositionData": [[453.0, 408.0], [460.0, 409.0], [64, 64]], "SoundData": [["suspension_2.ogg", 0.5], ["metal_crash_3.ogg", 0.5], ["metal_crash_4.ogg", 0.5]]}, {"JoinedParts": [0, 1], "JointData": {"BreakPoint": 5000, "Hardness": 1, "Type": "Solid", "Data": {}}, "PositionData": [[453.0, 408.0], [460.0, 409.0], [64, 64]], "SoundData": [["suspension_2.ogg", 0.5], ["metal_crash_3.ogg", 0.5], ["metal_crash_4.ogg", 0.5]]}, {"JoinedParts": [1, 2], "JointData": {"BreakPoint": 26000, "Hardness": 1, "Type": "Solid", "Data": {}}, "PositionData": [[517.0, 408.0], [510.0, 416.0], [64, 64]], "SoundData": [["suspension_2.ogg", 0.5], ["metal_crash_3.ogg", 0.5], ["metal_crash_4.ogg", 0.5]]}, {"JoinedParts": [1, 2], "JointData": {"BreakPoint": 26000, "Hardness": 1, "Type": "Solid", "Data": {}}, "PositionData": [[517.0, 408.0], [510.0, 416.0], [64, 64]], "SoundData": [["suspension_2.ogg", 0.5], ["metal_crash_3.ogg", 0.5], ["metal_crash_4.ogg", 0.5]]}, {"JoinedParts": [1, 2], "JointData": {"BreakPoint": 26000, "Hardness": 1, "Type": "Solid", "Data": {}}, "PositionData": [[517.0, 408.0], [510.0, 416.0], [64, 64]], "SoundData": [["suspension_2.ogg", 0.5], ["metal_crash_3.ogg", 0.5], ["metal_crash_4.ogg", 0.5]]}, {"JoinedParts": [1, 2], "JointData": {"BreakPoint": 26000, "Hardness": 1, "Type": "Solid", "Data": {}}, "PositionData": [[517.0, 408.0], [510.0, 416.0], [64, 64]], "SoundData": [["suspension_2.ogg", 0.5], ["metal_crash_3.ogg", 0.5], ["metal_crash_4.ogg", 0.5]]}, {"JoinedParts": [2, 3], "JointData": {"BreakPoint": 1750, "Type": "Spring", "Data": {"Distance": 74, "Damping": 18, "Stiffness": 1200}}, "PositionData": [[549.0, 440.0], [561.0, 446.0], [64, 64]], "SoundData": [["tyre_1.ogg", 1], ["tyre_2.ogg", 1], ["tyre_3.ogg", 1]]}, {"JoinedParts": [2, 3], "JointData": {"BreakPoint": 1750, "Type": "Spring", "Data": {"Distance": 74, "Damping": 18, "Stiffness": 1200}}, "PositionData": [[549.0, 440.0], [561.0, 446.0], [64, 64]], "SoundData": [["tyre_1.ogg", 1], ["tyre_2.ogg", 1], ["tyre_3.ogg", 1]]}, {"JoinedParts": [2, 3], "JointData": {"BreakPoint": 1750, "Type": "Spring", "Data": {"Distance": 74, "Damping": 18, "Stiffness": 1200}}, "PositionData": [[549.0, 440.0], [561.0, 446.0], [64, 64]], "SoundData": [["tyre_1.ogg", 1], ["tyre_2.ogg", 1], ["tyre_3.ogg", 1]]}, {"JoinedParts": [2, 3], "JointData": {"BreakPoint": 1750, "Type": "Spring", "Data": {"Distance": 74, "Damping": 18, "Stiffness": 1200}}, "PositionData": [[549.0, 440.0], [561.0, 446.0], [64, 64]], "SoundData": [["tyre_1.ogg", 1], ["tyre_2.ogg", 1], ["tyre_3.ogg", 1]]}, {"JoinedParts": [0, 4], "JointData": {"BreakPoint": 1750, "Type": "Spring", "Data": {"Distance": 74, "Damping": 18, "Stiffness": 1200}}, "PositionData": [[389.0, 408.0], [384.0, 412.0], [64, 64]], "SoundData": [["tyre_1.ogg", 1], ["tyre_2.ogg", 1], ["tyre_3.ogg", 1]]}, {"JoinedParts": [0, 4], "JointData": {"BreakPoint": 1750, "Type": "Spring", "Data": {"Distance": 74, "Damping": 18, "Stiffness": 1200}}, "PositionData": [[389.0, 408.0], [384.0, 412.0], [64, 64]], "SoundData": [["tyre_1.ogg", 1], ["tyre_2.ogg", 1], ["tyre_3.ogg", 1]]}, {"JoinedParts": [0, 5], "JointData": {"BreakPoint": 1750, "Type": "Spring", "Data": {"Distance": 74, "Damping": 18, "Stiffness": 1200}}, "PositionData": [[421.0, 440.0], [419.0, 449.0], [64, 64]], "SoundData": [["tyre_1.ogg", 1], ["tyre_2.ogg", 1], ["tyre_3.ogg", 1]]}, {"JoinedParts": [0, 5], "JointData": {"BreakPoint": 1750, "Type": "Spring", "Data": {"Distance": 74, "Damping": 18, "Stiffness": 1200}}, "PositionData": [[421.0, 440.0], [419.0, 449.0], [64, 64]], "SoundData": [["tyre_1.ogg", 1], ["tyre_2.ogg", 1], ["tyre_3.ogg", 1]]}, {"JoinedParts": [0, 6], "JointData": {"BreakPoint": 1750, "Type": "Spring", "Data": {"Distance": 74, "Damping": 18, "Stiffness": 1200}}, "PositionData": [[421.0, 440.0], [423.62741699796953, 446.37258300203047], [64, 64]], "SoundData": [["tyre_1.ogg", 1], ["tyre_2.ogg", 1], ["tyre_3.ogg", 1]]}, {"JoinedParts": [0, 6], "JointData": {"BreakPoint": 1750, "Type": "Spring", "Data": {"Distance": 74, "Damping": 18, "Stiffness": 1200}}, "PositionData": [[421.0, 440.0], [423.62741699796953, 446.37258300203047], [64, 64]], "SoundData": [["tyre_1.ogg", 1], ["tyre_2.ogg", 1], ["tyre_3.ogg", 1]]}, {"JoinedParts": [0, 6], "JointData": {"BreakPoint": 1750, "Type": "Spring", "Data": {"Distance": 74, "Damping": 18, "Stiffness": 1200}}, "PositionData": [[421.0, 440.0], [423.62741699796953, 446.37258300203047], [64, 64]], "SoundData": [["tyre_1.ogg", 1], ["tyre_2.ogg", 1], ["tyre_3.ogg", 1]]}, {"JoinedParts": [0, 6], "JointData": {"BreakPoint": 1750, "Type": "Spring", "Data": {"Distance": 74, "Damping": 18, "Stiffness": 1200}}, "PositionData": [[421.0, 440.0], [423.62741699796953, 446.37258300203047], [64, 64]], "SoundData": [["tyre_1.ogg", 1], ["tyre_2.ogg", 1], ["tyre_3.ogg", 1]]}]