[{"name": "Old Engine", "Index": 0, "Textures": [{"Image": "old_engine.png", "Pos": [0, 0], "Size": [64, 64]}], "Pos": [421, 408], "Type": "Engine", "Rotation": 0, "Center": [32, 32], "refundValue": 4688, "CanStandAlone": true, "Joints": [{"Type": "Provide", "Pos": [0.0, -32.0]}, {"Type": "Provide", "Pos": [32.0, 0.0]}, {"Type": "Provide", "Pos": [0.0, 32.0]}, {"Type": "Provide", "Pos": [-32.0, 0.0]}], "Hitbox": {"Pos": [0, 0], "Type": "Rect", "Size": [64, 64], "Anchor": [32, 32], "CollisionType": "Full"}, "Properties": {"Rot": 0, "Friction": 1.25, "Weight": 60, "Bounciness": 0.004, "JoiningBehavior": "Provide", "RequiresOxygen": true, "Power": 300}, "CrashSounds": [["tyre_2.ogg", 1], ["metal_crash_3.ogg", 0.5], ["metal_crash_4.ogg", 0.5]], "IdleSounds": [[]], "ActiveSounds": [["old_engine.ogg", 0.2]], "ConstraintSounds": [[]], "JoinedWith": [], "ShowProperties": ["Weight", "Power", "RequiresOxygen"], "Description": ["An old engine with a good amount of power for its price. it is quite heavy.", "provides power to connected wheels."]}, {"name": "Empty Frame", "Index": 1, "Textures": [{"Image": "empty_frame.png", "Pos": [0, 0], "Size": [64, 64]}], "Pos": [485.0, 408.0], "Type": "Stability", "Rotation": 0, "Center": [32, 32], "refundValue": 255, "CanStandAlone": true, "Joints": [{"Type": "Provide", "Pos": [0.0, -32.0]}, {"Type": "Provide", "Pos": [32.0, 0.0]}, {"Type": "Provide", "Pos": [0.0, 32.0]}, {"Type": "Provide", "Pos": [-32.0, 0.0]}], "Hitbox": {"Pos": [0, 0], "Type": "Rect", "Size": [64, 64], "Anchor": [32, 32], "CollisionType": "Full"}, "Properties": {"Rot": 0, "Friction": 0.92, "Weight": 16, "Bounciness": 0.035, "JoiningBehavior": "Provide"}, "CrashSounds": [["suspension_2.ogg", 0.5], ["metal_crash_3.ogg", 0.5], ["metal_crash_4.ogg", 0.5]], "IdleSounds": [[]], "ActiveSounds": [[]], "ConstraintSounds": [[]], "JoinedWith": [[0, 1], [0, 1], [0, 1], [0, 1]], "ShowProperties": ["Weight"], "Description": ["cheap frame for everyday vehicle building use. Not very stable."]}, {"name": "Metal Frame", "Index": 2, "Textures": [{"Image": "frameNew.png", "Pos": [0, 0], "Size": [64, 64]}], "Pos": [549.0, 408.0], "Type": "Stability", "Rotation": 0, "Center": [32, 32], "refundValue": 450, "CanStandAlone": true, "Joints": [{"Type": "Provide", "Pos": [0.0, -32.0]}, {"Type": "Provide", "Pos": [32.0, 0.0]}, {"Type": "Provide", "Pos": [0.0, 32.0]}, {"Type": "Provide", "Pos": [-32.0, 0.0]}], "Hitbox": {"Pos": [0, 0], "Type": "Rect", "Size": [64, 64], "Anchor": [32, 32], "CollisionType": "Full"}, "Properties": {"Rot": 0, "Friction": 0.95, "Weight": 25, "Bounciness": 0.015, "JoiningBehavior": "Provide"}, "CrashSounds": [["suspension_2.ogg", 0.5], ["metal_crash_3.ogg", 0.5], ["metal_crash_4.ogg", 0.5]], "IdleSounds": [[]], "ActiveSounds": [[]], "ConstraintSounds": [[]], "JoinedWith": [[1, 2], [1, 2], [1, 2], [1, 2]], "ShowProperties": ["Weight"], "Description": ["frame for everyday vehicle building use."]}, {"name": "Bike Wheel", "Index": 3, "Textures": [{"Image": "bike_tyre.png", "Pos": [0, 0], "Size": [64, 64]}], "Pos": [549.0, 472.0], "Type": "Wheel", "Rotation": 0, "Center": [32, 32], "refundValue": 562, "CanStandAlone": true, "Joints": [{"Type": "Accept", "Pos": [0.0, -32.0]}], "Hitbox": {"Pos": [32, 32], "Type": "Circle", "Size": 32, "Anchor": [0, 0], "CollisionType": "Semi", "HasTwoAnchors": false}, "Properties": {"Rot": 0, "FuelUse": 0.2, "MaxImpulse": 1080, "Force": 1.8, "Friction": 1, "Weight": 16, "Bounciness": 0.1, "JoiningBehavior": "Accept"}, "CrashSounds": [["tyre_1.ogg", 1], ["tyre_2.ogg", 1], ["tyre_3.ogg", 1]], "IdleSounds": [[]], "ActiveSounds": [[]], "ConstraintSounds": [[]], "JoinedWith": [[2, 3], [2, 3], [2, 3], [2, 3]], "ShowProperties": ["Weight", "Force"], "Description": ["Small and light-weight wheel, stolen from a bike", "connect it to an engine to power it"]}, null, null, {"name": "Bike Wheel", "Index": 6, "Textures": [{"Image": "bike_tyre.png", "Pos": [0, 0], "Size": [64, 64]}], "Pos": [398.37258300203047, 462.62741699796953], "Type": "Wheel", "Rotation": -45, "Center": [32, 32], "refundValue": 562, "CanStandAlone": true, "Joints": [{"Type": "Accept", "Pos": [22.62741699796952, -22.627416997969522]}], "Hitbox": {"Pos": [32, 32], "Type": "Circle", "Size": 32, "Anchor": [0, 0], "CollisionType": "Semi", "HasTwoAnchors": false}, "Properties": {"Rot": 0, "FuelUse": 0.2, "MaxImpulse": 1080, "Force": 1.8, "Friction": 1, "Weight": 16, "Bounciness": 0.1, "JoiningBehavior": "Accept"}, "CrashSounds": [["tyre_1.ogg", 1], ["tyre_2.ogg", 1], ["tyre_3.ogg", 1]], "IdleSounds": [[]], "ActiveSounds": [[]], "ConstraintSounds": [[]], "JoinedWith": [[0, 6], [0, 6], [0, 6], [0, 6]], "ShowProperties": ["Weight", "Force"], "Description": ["Small and light-weight wheel, stolen from a bike", "connect it to an engine to power it"]}]