[{"JoinedParts": [0, 1], "JointData": {"BreakPoint": 5000, "Hardness": 1, "Type": "Solid", "Data": {}}, "PositionData": [[448.0, 413.0], [456.0, 420.0], [64, 64]], "SoundData": [["suspension_2.ogg", 0.5], ["metal_crash_3.ogg", 0.5], ["metal_crash_4.ogg", 0.5]]}, {"JoinedParts": [0, 1], "JointData": {"BreakPoint": 5000, "Hardness": 1, "Type": "Solid", "Data": {}}, "PositionData": [[448.0, 413.0], [456.0, 420.0], [64, 64]], "SoundData": [["suspension_2.ogg", 0.5], ["metal_crash_3.ogg", 0.5], ["metal_crash_4.ogg", 0.5]]}, {"JoinedParts": [0, 1], "JointData": {"BreakPoint": 5000, "Hardness": 1, "Type": "Solid", "Data": {}}, "PositionData": [[448.0, 413.0], [456.0, 420.0], [64, 64]], "SoundData": [["suspension_2.ogg", 0.5], ["metal_crash_3.ogg", 0.5], ["metal_crash_4.ogg", 0.5]]}, {"JoinedParts": [0, 1], "JointData": {"BreakPoint": 5000, "Hardness": 1, "Type": "Solid", "Data": {}}, "PositionData": [[448.0, 413.0], [456.0, 420.0], [64, 64]], "SoundData": [["suspension_2.ogg", 0.5], ["metal_crash_3.ogg", 0.5], ["metal_crash_4.ogg", 0.5]]}, {"JoinedParts": [1, 2], "JointData": {"BreakPoint": 26000, "Hardness": 1, "Type": "Solid", "Data": {}}, "PositionData": [[512.0, 413.0], [515.0, 407.0], [64, 64]], "SoundData": [["suspension_2.ogg", 0.5], ["metal_crash_3.ogg", 0.5], ["metal_crash_4.ogg", 0.5]]}, {"JoinedParts": [1, 2], "JointData": {"BreakPoint": 26000, "Hardness": 1, "Type": "Solid", "Data": {}}, "PositionData": [[512.0, 413.0], [515.0, 407.0], [64, 64]], "SoundData": [["suspension_2.ogg", 0.5], ["metal_crash_3.ogg", 0.5], ["metal_crash_4.ogg", 0.5]]}, {"JoinedParts": [1, 2], "JointData": {"BreakPoint": 26000, "Hardness": 1, "Type": "Solid", "Data": {}}, "PositionData": [[512.0, 413.0], [515.0, 407.0], [64, 64]], "SoundData": [["suspension_2.ogg", 0.5], ["metal_crash_3.ogg", 0.5], ["metal_crash_4.ogg", 0.5]]}, {"JoinedParts": [1, 2], "JointData": {"BreakPoint": 26000, "Hardness": 1, "Type": "Solid", "Data": {}}, "PositionData": [[512.0, 413.0], [515.0, 407.0], [64, 64]], "SoundData": [["suspension_2.ogg", 0.5], ["metal_crash_3.ogg", 0.5], ["metal_crash_4.ogg", 0.5]]}, {"JoinedParts": [0, 3], "JointData": {"BreakPoint": 3000, "Type": "Spring", "Data": {"Distance": 72, "Damping": 10, "Stiffness": 3200}}, "PositionData": [[416.0, 445.0], [414.0, 449.0], [64, 64]], "SoundData": [["tyre_1.ogg", 1], ["tyre_2.ogg", 1], ["tyre_3.ogg", 1]]}, {"JoinedParts": [0, 3], "JointData": {"BreakPoint": 3000, "Type": "Spring", "Data": {"Distance": 72, "Damping": 10, "Stiffness": 3200}}, "PositionData": [[416.0, 445.0], [414.0, 449.0], [64, 64]], "SoundData": [["tyre_1.ogg", 1], ["tyre_2.ogg", 1], ["tyre_3.ogg", 1]]}, {"JoinedParts": [2, 4], "JointData": {"BreakPoint": 1750, "Type": "Spring", "Data": {"Distance": 74, "Damping": 18, "Stiffness": 1200}}, "PositionData": [[544.0, 445.0], [546.0, 450.0], [64, 64]], "SoundData": [["tyre_1.ogg", 1], ["tyre_2.ogg", 1], ["tyre_3.ogg", 1]]}, {"JoinedParts": [2, 4], "JointData": {"BreakPoint": 1750, "Type": "Spring", "Data": {"Distance": 74, "Damping": 18, "Stiffness": 1200}}, "PositionData": [[544.0, 445.0], [546.0, 450.0], [64, 64]], "SoundData": [["tyre_1.ogg", 1], ["tyre_2.ogg", 1], ["tyre_3.ogg", 1]]}, {"JoinedParts": [0, 5], "JointData": {"BreakPoint": 3000, "Type": "Spring", "Data": {"Distance": 72, "Damping": 10, "Stiffness": 3200}}, "PositionData": [[416.0, 445.0], [419.62741699796953, 454.37258300203047], [64, 64]], "SoundData": [["tyre_1.ogg", 1], ["tyre_2.ogg", 1], ["tyre_3.ogg", 1]]}, {"JoinedParts": [0, 5], "JointData": {"BreakPoint": 3000, "Type": "Spring", "Data": {"Distance": 72, "Damping": 10, "Stiffness": 3200}}, "PositionData": [[416.0, 445.0], [419.62741699796953, 454.37258300203047], [64, 64]], "SoundData": [["tyre_1.ogg", 1], ["tyre_2.ogg", 1], ["tyre_3.ogg", 1]]}, {"JoinedParts": [0, 6], "JointData": {"BreakPoint": 3000, "Type": "Spring", "Data": {"Distance": 72, "Damping": 10, "Stiffness": 3200}}, "PositionData": [[416.0, 445.0], [410.0, 449.0], [64, 64]], "SoundData": [["tyre_1.ogg", 1], ["tyre_2.ogg", 1], ["tyre_3.ogg", 1]]}, {"JoinedParts": [0, 6], "JointData": {"BreakPoint": 3000, "Type": "Spring", "Data": {"Distance": 72, "Damping": 10, "Stiffness": 3200}}, "PositionData": [[416.0, 445.0], [410.0, 449.0], [64, 64]], "SoundData": [["tyre_1.ogg", 1], ["tyre_2.ogg", 1], ["tyre_3.ogg", 1]]}, {"JoinedParts": [0, 6], "JointData": {"BreakPoint": 3000, "Type": "Spring", "Data": {"Distance": 72, "Damping": 10, "Stiffness": 3200}}, "PositionData": [[416.0, 445.0], [410.0, 449.0], [64, 64]], "SoundData": [["tyre_1.ogg", 1], ["tyre_2.ogg", 1], ["tyre_3.ogg", 1]]}, {"JoinedParts": [0, 6], "JointData": {"BreakPoint": 3000, "Type": "Spring", "Data": {"Distance": 72, "Damping": 10, "Stiffness": 3200}}, "PositionData": [[416.0, 445.0], [410.0, 449.0], [64, 64]], "SoundData": [["tyre_1.ogg", 1], ["tyre_2.ogg", 1], ["tyre_3.ogg", 1]]}, {"JoinedParts": [2, 7], "JointData": {"BreakPoint": 1750, "Type": "Spring", "Data": {"Distance": 74, "Damping": 18, "Stiffness": 1200}}, "PositionData": [[544.0, 445.0], [541.3725830020305, 454.37258300203047], [64, 64]], "SoundData": [["tyre_1.ogg", 1], ["tyre_2.ogg", 1], ["tyre_3.ogg", 1]]}, {"JoinedParts": [2, 7], "JointData": {"BreakPoint": 1750, "Type": "Spring", "Data": {"Distance": 74, "Damping": 18, "Stiffness": 1200}}, "PositionData": [[544.0, 445.0], [541.3725830020305, 454.37258300203047], [64, 64]], "SoundData": [["tyre_1.ogg", 1], ["tyre_2.ogg", 1], ["tyre_3.ogg", 1]]}, {"JoinedParts": [2, 8], "JointData": {"BreakPoint": 1750, "Type": "Spring", "Data": {"Distance": 74, "Damping": 18, "Stiffness": 1200}}, "PositionData": [[544.0, 445.0], [552.0, 446.0], [64, 64]], "SoundData": [["tyre_1.ogg", 1], ["tyre_2.ogg", 1], ["tyre_3.ogg", 1]]}, {"JoinedParts": [2, 8], "JointData": {"BreakPoint": 1750, "Type": "Spring", "Data": {"Distance": 74, "Damping": 18, "Stiffness": 1200}}, "PositionData": [[544.0, 445.0], [552.0, 446.0], [64, 64]], "SoundData": [["tyre_1.ogg", 1], ["tyre_2.ogg", 1], ["tyre_3.ogg", 1]]}, {"JoinedParts": [2, 8], "JointData": {"BreakPoint": 1750, "Type": "Spring", "Data": {"Distance": 74, "Damping": 18, "Stiffness": 1200}}, "PositionData": [[544.0, 445.0], [552.0, 446.0], [64, 64]], "SoundData": [["tyre_1.ogg", 1], ["tyre_2.ogg", 1], ["tyre_3.ogg", 1]]}, {"JoinedParts": [2, 8], "JointData": {"BreakPoint": 1750, "Type": "Spring", "Data": {"Distance": 74, "Damping": 18, "Stiffness": 1200}}, "PositionData": [[544.0, 445.0], [552.0, 446.0], [64, 64]], "SoundData": [["tyre_1.ogg", 1], ["tyre_2.ogg", 1], ["tyre_3.ogg", 1]]}]