{"Parts": {"Turbo Engine": {"Name": "Turbo Engine", "Index": 4, "Type": "Engine", "Cost": 18000, "Stex": "turbo_engine.png", "Center": [32, 32], "Properties": {"Rot": 0, "Friction": 1.25, "Weight": 75, "Bounciness": 0.004, "JoiningBehavior": "Provide", "RequiresOxygen": true, "Power": 800}, "ShowProperties": ["Weight", "Power", "RequiresOxygen"], "JointData": {"BreakPoint": 40000, "Hardness": 1, "Type": "Solid", "Data": {}}, "Description": ["A very powerful engine for its size.", "provides power to connected wheels."], "Joints": [{"Type": "Provide", "Pos": [64, 32]}, {"Type": "Provide", "Pos": [0, 32]}, {"Type": "Provide", "Pos": [32, 64]}], "Hitbox": {"Pos": [0, 0], "Type": "Rect", "Size": [64, 64], "Anchor": [32, 32], "CollisionType": "Full"}, "Textures": [{"Image": "turbo_engine.png", "Pos": [0, 0], "Size": [64, 64]}], "Sounds": {"Crash": [["tyre_2.ogg", 1], ["metal_crash_3.ogg", 0.5], ["metal_crash_4.ogg", 0.5]], "Active": [["turbo_engine.ogg", 0.3]], "Constraints": [[]], "Idle": [[]]}, "Count": 0}, "Electric Engine": {"Name": "Electric Engine", "Index": 4, "Type": "Engine", "Cost": 11000, "Stex": "electronic_engine.png", "Center": [64, 32], "Properties": {"Rot": 0, "Friction": 1.25, "Weight": 120, "Bounciness": 0.004, "JoiningBehavior": "Provide", "RequiresOxygen": false, "Power": 620}, "Description": ["Large Box containing everything a electric engine needs. Very heavy and extremely powerful.", "provides power to connected wheels."], "ShowProperties": ["Weight", "Power", "RequiresOxygen"], "JointData": {"BreakPoint": 50000, "Hardness": 1, "Type": "Solid", "Data": {}}, "Joints": [{"Type": "Provide", "Pos": [64, 0]}, {"Type": "Provide", "Pos": [128, 32]}, {"Type": "Provide", "Pos": [64, 64]}, {"Type": "Provide", "Pos": [0, 32]}], "Hitbox": {"Pos": [0, 0], "Type": "Rect", "Size": [128, 64], "Anchor": [64, 32], "CollisionType": "Full"}, "Textures": [{"Image": "electronic_engine.png", "Pos": [0, 0], "Size": [128, 64]}], "Sounds": {"Crash": [["tyre_2.ogg", 1], ["metal_crash_3.ogg", 0.5], ["metal_crash_4.ogg", 0.5]], "Active": [["electric_engine.ogg", 0.18]], "Constraints": [[]], "Idle": [[]]}, "Count": 0}, "Half Empty Frame": {"Name": "Half Empty Frame", "Index": 2, "Type": "Stability", "Cost": 200, "Center": [32, 16], "Stex": "empty_half_frame.png", "Properties": {"Rot": 0, "Friction": 0.92, "Weight": 12, "Bounciness": 0.025, "JoiningBehavior": "Provide"}, "Description": ["cheap half frame for everyday vehicle building use. Not stable at all."], "ShowProperties": ["Weight"], "JointData": {"BreakPoint": 4400, "Hardness": 1, "Type": "Solid", "Data": {}}, "Joints": [{"Type": "Provide", "Pos": [32, 0]}, {"Type": "Provide", "Pos": [64, 16]}, {"Type": "Provide", "Pos": [32, 32]}, {"Type": "Provide", "Pos": [0, 16]}], "Hitbox": {"Pos": [0, 0], "Type": "Rect", "Size": [64, 32], "Anchor": [32, 16], "CollisionType": "Full"}, "Textures": [{"Image": "empty_half_frame.png", "Pos": [0, 0], "Size": [64, 32]}], "Sounds": {"Crash": [["suspension_2.ogg", 0.5], ["metal_crash_3.ogg", 0.5], ["metal_crash_4.ogg", 0.5]], "Active": [[]], "Constraints": [[]], "Idle": [[]]}, "Count": 0}, "Bike Wheel": {"Name": "Bike Wheel", "Index": 1, "Type": "Wheel", "Cost": 750, "Stex": "bike_tyre.png", "Center": [32, 32], "Properties": {"Rot": 0, "FuelUse": 0.2, "MaxImpulse": 1080, "Force": 1.8, "Friction": 1, "Weight": 16, "Bounciness": 0.1, "JoiningBehavior": "Accept"}, "Description": ["Small and light-weight wheel, stolen from a bike", "connect it to an engine to power it"], "ShowProperties": ["Weight", "Force"], "JointData": {"BreakPoint": 1750, "Type": "Spring", "Data": {"Distance": 74, "Damping": 18, "Stiffness": 1200}}, "Build": {"NeedsJoint": 1, "HasRotation": 1}, "Joints": [{"Type": "Accept", "Pos": [32, 0]}], "Hitbox": {"Pos": [32, 32], "Type": "Circle", "Size": 32, "Anchor": [0, 0], "CollisionType": "Semi", "HasTwoAnchors": false}, "Textures": [{"Image": "bike_tyre.png", "Pos": [0, 0], "Size": [64, 64]}], "Sounds": {"Crash": [["tyre_1.ogg", 1], ["tyre_2.ogg", 1], ["tyre_3.ogg", 1]], "Active": [[]], "Constraints": [[]], "Idle": [[]]}, "Count": 0}, "Packet": {"Name": "Packet", "Index": 4, "Type": "Freight", "Cost": 2000, "Stex": "packet.png", "Center": [32, 32], "Properties": {"Rot": 0, "Friction": 0.99, "Weight": 125, "Bounciness": 0.002, "JoiningBehavior": "Provide", "Value": 0.1}, "ShowProperties": ["Weight", "Value"], "JointData": {"BreakPoint": 5800, "Hardness": 1, "Type": "Solid", "Data": {}}, "Description": ["A packet that wants to be delivered.contains heavy goods.", "Transporting it increases money rewards!"], "Joints": [], "Hitbox": {"Pos": [0, 0], "Type": "Rect", "Size": [64, 64], "Anchor": [32, 32], "CollisionType": "Full"}, "Textures": [{"Image": "packet.png", "Pos": [0, 0], "Size": [64, 64]}], "Sounds": {"Crash": [["suspension_2.ogg", 0.5], ["metal_crash_3.ogg", 0.5], ["metal_crash_4.ogg", 0.5]], "Active": [[]], "Constraints": [[]], "Idle": [[]]}, "Count": 0}, "Metal Wheel": {"Name": "Metal Wheel", "Index": 87659, "Type": "Wheel", "Cost": 3000, "Stex": "metal_ball.png", "Center": [32, 32], "Properties": {"Rot": 0, "FuelUse": 0.6, "MaxImpulse": 1080, "Force": 1.8, "Friction": 0.5, "Weight": 60, "Bounciness": 0, "JoiningBehavior": "Accept"}, "Description": ["A wheel removed from a shopping cart.it is very stable and has less damping", "connect it to an engine to power it"], "ShowProperties": ["Weight", "Force"], "JointData": {"BreakPoint": 7000, "Type": "Spring", "Data": {"Distance": 64, "Damping": 0.2, "Stiffness": 16000}}, "Build": {"NeedsJoint": 1, "HasRotation": 1}, "Joints": [{"Type": "Accept", "Pos": [32, 0]}], "Hitbox": {"Pos": [32, 32], "Type": "Circle", "Size": 32, "Anchor": [0, 0], "CollisionType": "Semi", "HasTwoAnchors": false}, "Textures": [{"Image": "metal_ball.png", "Pos": [0, 0], "Size": [64, 64]}], "Sounds": {"Crash": [["tyre_1.ogg", 1], ["tyre_2.ogg", 1], ["tyre_3.ogg", 1]], "Active": [[]], "Constraints": [[]], "Idle": [[]]}, "Count": 0}, "Stabilisator": {"Name": "Stabilisator", "Index": 2, "Type": "Control", "Cost": 16000, "Center": [48, 48], "Stex": "gyroscope_new.png", "Properties": {"Rot": 0, "Friction": 0.96, "Weight": 80, "Bounciness": 0.02, "JoiningBehavior": "Accept", "LimitsAngularVelocity": 5.25, "Thrust": null, "Angle": null}, "Description": ["Heavy Box containing high-tech machinery.", "Does not want to spin. Looks better if placed last.", "it will constantly try to prevent rotation", "of itself and its neighboring parts"], "ShowProperties": ["Weight", "LimitsAngularVelocity"], "JointData": {"BreakPoint": 42000, "Hardness": 1, "Type": "Solid", "Data": {}}, "Joints": [{"Type": "Provide", "Pos": [32, 0]}, {"Type": "Provide", "Pos": [64, 32]}, {"Type": "Provide", "Pos": [32, 64]}, {"Type": "Provide", "Pos": [0, 32]}], "Hitbox": {"Pos": [16, 16], "Type": "Rect", "Size": [64, 64], "Anchor": [32, 32], "CollisionType": "Full"}, "Textures": [{"Image": "gyroscope_new.png", "Pos": [0, 0], "Size": [96, 96]}], "Sounds": {"Crash": [["suspension_2.ogg", 0.5], ["metal_crash_1.ogg", 0.5], ["metal_crash_4.ogg", 0.5]], "Active": [[]], "Constraints": [[]], "Idle": [[]]}, "Count": 0}, "EMM3 Engine": {"Name": "EMM3 Engine", "Index": 4, "Type": "Engine", "Cost": 22500, "Stex": "EMM3_electric_engine.png", "Center": [32, 32], "Properties": {"Rot": 0, "Friction": 1.25, "Weight": 80, "Bounciness": 0.004, "JoiningBehavior": "Provide", "RequiresOxygen": false, "Power": 1000}, "ShowProperties": ["Weight", "Power", "RequiresOxygen"], "JointData": {"BreakPoint": 44000, "Hardness": 1, "Type": "Solid", "Data": {}}, "Description": ["A very compact, high-qualty electric engine.", "provides power to connected wheels."], "Joints": [{"Type": "Provide", "Pos": [32, 0]}, {"Type": "Provide", "Pos": [64, 32]}, {"Type": "Provide", "Pos": [32, 64]}, {"Type": "Provide", "Pos": [0, 32]}], "Hitbox": {"Pos": [0, 0], "Type": "Rect", "Size": [64, 64], "Anchor": [32, 32], "CollisionType": "Full"}, "Textures": [{"Image": "EMM3_electric_engine.png", "Pos": [0, 0], "Size": [64, 64]}], "Sounds": {"Crash": [["tyre_2.ogg", 1], ["metal_crash_3.ogg", 0.5], ["metal_crash_4.ogg", 0.5]], "Active": [["electric_engine.ogg", 0.2]], "Constraints": [[]], "Idle": [[]]}, "Count": 0}, "V6 Engine": {"Name": "V6 Engine", "Index": 4, "Type": "Engine", "Cost": 11000, "Stex": "V6_engine.png", "Center": [32, 32], "Properties": {"Rot": 0, "Friction": 1.25, "Weight": 50, "Bounciness": 0.004, "JoiningBehavior": "Provide", "RequiresOxygen": true, "Power": 450}, "ShowProperties": ["Weight", "Power", "RequiresOxygen"], "JointData": {"BreakPoint": 28000, "Hardness": 1, "Type": "Solid", "Data": {}}, "Description": ["A light-weight engine used for everyday applications", "provides power to connected wheels."], "Joints": [{"Type": "Provide", "Pos": [32, 0]}, {"Type": "Provide", "Pos": [64, 32]}, {"Type": "Provide", "Pos": [32, 64]}, {"Type": "Provide", "Pos": [0, 32]}], "Hitbox": {"Pos": [0, 0], "Type": "Rect", "Size": [64, 64], "Anchor": [32, 32], "CollisionType": "Full"}, "Textures": [{"Image": "V6_engine.png", "Pos": [0, 0], "Size": [64, 64]}], "Sounds": {"Crash": [["tyre_2.ogg", 1], ["metal_crash_3.ogg", 0.5], ["metal_crash_4.ogg", 0.5]], "Active": [["v6_engine.ogg", 0.2]], "Constraints": [[]], "Idle": [[]]}, "Count": 0}, "Thruster": {"Name": "Thruster", "Index": 2, "Type": "Control", "Cost": 23000, "Center": [32, 32], "Stex": "thruster.png", "Properties": {"Rot": 0, "Friction": 0.96, "Weight": 72, "Bounciness": 0.02, "JoiningBehavior": "Provide", "LimitsAngularVelocity": null, "Thrust": 900, "Angle": [180, "Permanent", [0, 0]]}, "Description": ["A very modern thruster.", "It applies strong forces in the direction it is facing.", "does not require engines to operate"], "ShowProperties": ["Weight", "Thrust"], "JointData": {"BreakPoint": 46000, "Hardness": 1, "Type": "Solid", "Data": {}}, "Joints": [{"Type": "Provide", "Pos": [32, 0]}, {"Type": "Provide", "Pos": [64, 32]}, {"Type": "Provide", "Pos": [32, 64]}, {"Type": "Provide", "Pos": [0, 32]}], "Hitbox": {"Pos": [0, 0], "Type": "Rect", "Size": [64, 64], "Anchor": [32, 32], "CollisionType": "Full"}, "Textures": [{"Image": "thruster.png", "Pos": [0, 0], "Size": [64, 64]}], "Sounds": {"Crash": [["suspension_2.ogg", 0.5], ["metal_crash_1.ogg", 0.5], ["metal_crash_4.ogg", 0.5]], "Active": [[]], "Constraints": [[]], "Idle": [[]]}, "Count": 0}, "Old Engine": {"Name": "Old Engine", "Index": 4, "Type": "Engine", "Cost": 6250, "Stex": "old_engine.png", "Center": [32, 32], "Properties": {"Rot": 0, "Friction": 1.25, "Weight": 60, "Bounciness": 0.004, "JoiningBehavior": "Provide", "RequiresOxygen": true, "Power": 300}, "JointData": {"BreakPoint": 28000, "Hardness": 1, "Type": "Solid", "Data": {}}, "Joints": [{"Type": "Provide", "Pos": [32, 0]}, {"Type": "Provide", "Pos": [64, 32]}, {"Type": "Provide", "Pos": [32, 64]}, {"Type": "Provide", "Pos": [0, 32]}], "Hitbox": {"Pos": [0, 0], "Type": "Rect", "Size": [64, 64], "Anchor": [32, 32], "CollisionType": "Full"}, "Description": ["An old engine with a good amount of power for its price. it is quite heavy.", "provides power to connected wheels."], "ShowProperties": ["Weight", "Power", "RequiresOxygen"], "Textures": [{"Image": "old_engine.png", "Pos": [0, 0], "Size": [64, 64]}], "Sounds": {"Crash": [["tyre_2.ogg", 1], ["metal_crash_3.ogg", 0.5], ["metal_crash_4.ogg", 0.5]], "Active": [["old_engine.ogg", 0.2]], "Constraints": [[]], "Idle": [[]]}, "Count": 0}, "Stable Metal Frame": {"Name": "Stable Metal Frame", "Index": 2, "Type": "Stability", "Cost": 2000, "Center": [32, 32], "Stex": "stable_frame.png", "Properties": {"Rot": 0, "Friction": 0.95, "Weight": 33, "Bounciness": 0.015, "JoiningBehavior": "Provide"}, "ShowProperties": ["Weight"], "JointData": {"BreakPoint": 50000, "Hardness": 1, "Type": "Solid", "Data": {}}, "Description": ["Made out of very stable metal, this is a next-gen version of the frame"], "Joints": [{"Type": "Provide", "Pos": [32, 0]}, {"Type": "Provide", "Pos": [64, 32]}, {"Type": "Provide", "Pos": [32, 64]}, {"Type": "Provide", "Pos": [0, 32]}], "Hitbox": {"Pos": [0, 0], "Type": "Rect", "Size": [64, 64], "Anchor": [32, 32], "CollisionType": "Full"}, "Textures": [{"Image": "stable_frame.png", "Pos": [0, 0], "Size": [64, 64]}], "Sounds": {"Crash": [["suspension_2.ogg", 0.5], ["metal_crash_3.ogg", 0.5], ["metal_crash_4.ogg", 0.5]], "Active": [[]], "Constraints": [[]], "Idle": [[]]}, "Count": 0}, "Stable Half Metal Frame": {"Name": "Stable Half Metal Frame", "Index": 2, "Type": "Stability", "Cost": 1000, "Center": [32, 16], "Stex": "half_stable_frame.png", "Properties": {"Rot": 0, "Friction": 0.95, "Weight": 19, "Bounciness": 0.015, "JoiningBehavior": "Provide"}, "ShowProperties": ["Weight"], "JointData": {"BreakPoint": 44000, "Hardness": 1, "Type": "Solid", "Data": {}}, "Description": ["Made out of very stable metal, this is a next-gen version of the half frame"], "Joints": [{"Type": "Provide", "Pos": [32, 0]}, {"Type": "Provide", "Pos": [64, 16]}, {"Type": "Provide", "Pos": [32, 32]}, {"Type": "Provide", "Pos": [0, 16]}], "Hitbox": {"Pos": [0, 0], "Type": "Rect", "Size": [64, 32], "Anchor": [32, 16], "CollisionType": "Full"}, "Textures": [{"Image": "half_stable_frame.png", "Pos": [0, 0], "Size": [64, 32]}], "Sounds": {"Crash": [["suspension_2.ogg", 0.5], ["metal_crash_3.ogg", 0.5], ["metal_crash_4.ogg", 0.5]], "Active": [[]], "Constraints": [[]], "Idle": [[]]}, "Count": 0}, "Adapter Frame": {"Name": "Adapter Frame", "Index": 2, "Type": "Stability", "Cost": 3500, "Center": [32, 32], "Stex": "adapter_frame.jpg", "Properties": {"Rot": 0, "Friction": 0.95, "Weight": 36, "Bounciness": 0.015, "JoiningBehavior": "Provide"}, "ShowProperties": ["Weight"], "JointData": {"BreakPoint": 32000, "Hardness": 1, "Type": "Solid", "Data": {}}, "Description": ["Made out of very stable metal, this is a next-gen version of the frame", "It has five joints and can be used for more complex builds."], "Joints": [{"Type": "Provide", "Pos": [32, 0]}, {"Type": "Provide", "Pos": [64, 32]}, {"Type": "Provide", "Pos": [32, 64]}, {"Type": "Provide", "Pos": [0, 48]}, {"Type": "Provide", "Pos": [0, 16]}], "Hitbox": {"Pos": [0, 0], "Type": "Rect", "Size": [64, 64], "Anchor": [32, 32], "CollisionType": "Full"}, "Textures": [{"Image": "adapter_frame.jpg", "Pos": [0, 0], "Size": [64, 64]}], "Sounds": {"Crash": [["suspension_2.ogg", 0.5], ["metal_crash_3.ogg", 0.5], ["metal_crash_4.ogg", 0.5]], "Active": [[]], "Constraints": [[]], "Idle": [[]]}, "Count": 0}, "Stable Double Metal Frame": {"Name": "Stable Double Metal Frame", "Index": 2, "Type": "Stability", "Cost": 3500, "Center": [64, 32], "Stex": "long_stable_frame.png", "Properties": {"Rot": 0, "Friction": 0.95, "Weight": 62, "Bounciness": 0.015, "JoiningBehavior": "Provide"}, "Description": ["Made out of very stable metal, this is a next-gen version of the double frame"], "ShowProperties": ["Weight"], "JointData": {"BreakPoint": 52000, "Hardness": 1, "Type": "Solid", "Data": {}}, "Joints": [{"Type": "Provide", "Pos": [64, 0]}, {"Type": "Provide", "Pos": [128, 32]}, {"Type": "Provide", "Pos": [64, 64]}, {"Type": "Provide", "Pos": [0, 32]}], "Hitbox": {"Pos": [0, 0], "Type": "Rect", "Size": [128, 64], "Anchor": [64, 32], "CollisionType": "Full"}, "Textures": [{"Image": "long_stable_frame.png", "Pos": [0, 0], "Size": [128, 64]}], "Sounds": {"Crash": [["suspension_2.ogg", 0.5], ["metal_crash_3.ogg", 0.5], ["metal_crash_4.ogg", 0.5]], "Active": [[]], "Constraints": [[]], "Idle": [[]]}, "Count": 0}, "Linker": {"Name": "Linker", "Index": 2, "Type": "Control", "Cost": 3000, "Center": [48, 32], "Stex": "oldLinker.jpg", "Properties": {"Rot": 0, "Friction": 0.96, "Weight": 20, "Bounciness": 0.1, "JoiningBehavior": "Provide", "LimitsAngularVelocity": 1.025, "Thrust": null, "Angle": null}, "Description": ["Can be used between parts to build a flexible connection between them.", "Does not collide with parts except wheels."], "ShowProperties": ["Weight", "LimitsAngularVelocity"], "JointData": {"BreakPoint": 30000, "Hardness": 1, "Type": "Solid", "Data": {}}, "Joints": [{"Type": "Provide", "Pos": [0, 32]}, {"Type": "Provide", "Pos": [64, 32]}], "Hitbox": {"Pos": [16, 0], "Type": "Rect", "Size": [64, 64], "Anchor": [32, 32], "CollisionType": "Semi"}, "Textures": [{"Image": "oldLinker.jpg", "Pos": [0, 0], "Size": [96, 64]}], "Sounds": {"Crash": [["suspension_2.ogg", 0.5], ["metal_crash_1.ogg", 0.5], ["metal_crash_4.ogg", 0.5]], "Active": [[]], "Constraints": [[]], "Idle": [[]]}, "Count": 0}, "Metal Frame corner": {"Name": "Metal Frame corner", "Index": 3, "Type": "Stability", "Cost": 300, "Center": [32, 32], "Stex": "frame_cornerNew.png", "Properties": {"Rot": 0, "Friction": 0.94, "Weight": 12, "Bounciness": 0.03, "JoiningBehavior": "Provide"}, "Description": ["triangular frame for everyday vehicle building use.Has been nominated as the bestestest part a while ago"], "ShowProperties": ["Weight"], "JointData": {"BreakPoint": 13000, "Hardness": 1, "Type": "Solid", "Data": {}}, "Build": {"NeedsJoint": 0, "HasRotation": 1}, "Joints": [{"Type": "Provide", "Pos": [32, 64]}, {"Type": "Provide", "Pos": [0, 32]}], "Hitbox": {"Pos": [0, 0], "Type": "Poly", "Size": [[0, 0], [0, 64], [64, 64]], "Anchor": [16, 32], "CollisionType": "Full"}, "Textures": [{"Image": "frame_cornerNew.png", "Pos": [0, 0], "Size": [64, 64]}], "Sounds": {"Crash": [["suspension_2.ogg", 0.5], ["metal_crash_3.ogg", 0.5], ["metal_crash_4.ogg", 0.5]], "Active": [[]], "Constraints": [[]], "Idle": [[]]}, "Count": 0}, "Hyper Wheel": {"Name": "Hyper Wheel", "Index": 87659, "Type": "Wheel", "Cost": 25000, "Stex": "hyper_wheel.png", "Center": [32, 32], "Properties": {"Rot": 0, "FuelUse": 0.6, "MaxImpulse": 1080, "Force": 3.3, "Friction": 1.55, "Weight": 36, "Bounciness": 0.03, "JoiningBehavior": "Accept"}, "Description": ["The best wheel of all time. Heavy. Powerful. High-Tech.", "connect it to an engine to power it"], "ShowProperties": ["Weight", "Force"], "JointData": {"BreakPoint": 5000, "Type": "Spring", "Data": {"Distance": 66, "Damping": 1.5, "Stiffness": 15000}}, "Build": {"NeedsJoint": 1, "HasRotation": 1}, "Joints": [{"Type": "Accept", "Pos": [32, 0]}], "Hitbox": {"Pos": [32, 32], "Type": "Circle", "Size": 32, "Anchor": [0, 0], "CollisionType": "Semi", "HasTwoAnchors": false}, "Textures": [{"Image": "hyper_wheel.png", "Pos": [0, 0], "Size": [64, 64]}], "Sounds": {"Crash": [["tyre_1.ogg", 1], ["tyre_2.ogg", 1], ["tyre_3.ogg", 1]], "Active": [[]], "Constraints": [[]], "Idle": [[]]}, "Count": 0}, "Container": {"Name": "Container", "Index": 2, "Type": "Freight", "Cost": 5000, "Center": [64, 64], "Stex": "Container.png", "Properties": {"Rot": 0, "Friction": 0.96, "Weight": 380, "Bounciness": 0.01, "JoiningBehavior": "Provide", "Value": 0.7}, "Description": ["Heavy Box containing very valuable items, do not lose it!", "Transporting it increases money rewards!"], "ShowProperties": ["Weight", "Value"], "JointData": {"BreakPoint": 32000, "Hardness": 0.98, "Type": "Solid", "Data": {}}, "Joints": [{"Type": "Provide", "Pos": [64, 0]}, {"Type": "Provide", "Pos": [128, 64]}, {"Type": "Provide", "Pos": [64, 128]}, {"Type": "Provide", "Pos": [0, 64]}], "Hitbox": {"Pos": [0, 0], "Type": "Rect", "Size": [128, 128], "Anchor": [64, 64], "CollisionType": "Full"}, "Textures": [{"Image": "Container.png", "Pos": [0, 0], "Size": [128, 128]}], "Sounds": {"Crash": [["metal_crash_1.ogg", 0.6]], "Active": [[]], "Constraints": [[]], "Idle": [[]]}, "Count": 0}, "Linear Stabilisator": {"Name": "Linear Stabilisator", "Index": 2, "Type": "Control", "Cost": 10000, "Center": [48, 32], "Stex": "linear_gyroscope.png", "Properties": {"Rot": 0, "Friction": 0.96, "Weight": 56, "Bounciness": 0.02, "JoiningBehavior": "Accept", "LimitsAngularVelocity": 3.75, "Thrust": null, "Angle": null}, "Description": ["Box containing modern machinery that stabilizes the vehicle.", "Looks better if placed last.", "it will constantly try to prevent rotation", "of itself and its neighboring parts"], "ShowProperties": ["Weight", "LimitsAngularVelocity"], "JointData": {"BreakPoint": 40000, "Hardness": 1, "Type": "Solid", "Data": {}}, "Joints": [{"Type": "Provide", "Pos": [0, 32]}, {"Type": "Provide", "Pos": [64, 32]}], "Hitbox": {"Pos": [16, 0], "Type": "Rect", "Size": [64, 64], "Anchor": [32, 32], "CollisionType": "Full"}, "Textures": [{"Image": "linear_gyroscope.png", "Pos": [0, 0], "Size": [96, 64]}], "Sounds": {"Crash": [["suspension_2.ogg", 0.5], ["metal_crash_1.ogg", 0.5], ["metal_crash_4.ogg", 0.5]], "Active": [[]], "Constraints": [[]], "Idle": [[]]}, "Count": 0}, "Double Metal Frame": {"Name": "Double Metal Frame", "Index": 2, "Type": "Stability", "Cost": 1000, "Center": [64, 32], "Stex": "long_frame.png", "Properties": {"Rot": 0, "Friction": 0.95, "Weight": 44, "Bounciness": 0.015, "JoiningBehavior": "Provide"}, "Description": ["Double frame for everyday vehicle building use."], "ShowProperties": ["Weight"], "JointData": {"BreakPoint": 18000, "Hardness": 1, "Type": "Solid", "Data": {}}, "Joints": [{"Type": "Provide", "Pos": [64, 0]}, {"Type": "Provide", "Pos": [128, 32]}, {"Type": "Provide", "Pos": [64, 64]}, {"Type": "Provide", "Pos": [0, 32]}], "Hitbox": {"Pos": [0, 0], "Type": "Rect", "Size": [128, 64], "Anchor": [64, 32], "CollisionType": "Full"}, "Textures": [{"Image": "long_frame.png", "Pos": [0, 0], "Size": [128, 64]}], "Sounds": {"Crash": [["suspension_2.ogg", 0.5], ["metal_crash_3.ogg", 0.5], ["metal_crash_4.ogg", 0.5]], "Active": [[]], "Constraints": [[]], "Idle": [[]]}, "Count": 0}, "Offroad Monster Wheel": {"Name": "Offroad Monster Wheel", "Index": 6, "Type": "Wheel", "Cost": 14000, "Stex": "Offroad_Wheel.png", "Center": [48, 48], "Properties": {"Rot": 0, "FuelUse": 0.2, "MaxImpulse": 1080, "Force": 2.8, "Friction": 2.5, "Weight": 48, "Bounciness": 0.2, "JoiningBehavior": "Accept"}, "Description": ["A wheel with much grip, ideal for uneven terrain", " connect it to an engine to power it"], "ShowProperties": ["Weight", "Force"], "JointData": {"BreakPoint": 9000, "Type": "Spring", "Data": {"Distance": 86, "Damping": 3.5, "Stiffness": 7500}}, "Build": {"NeedsJoint": 1, "HasRotation": 1}, "Joints": [{"Type": "Accept", "Pos": [48, 0]}], "Hitbox": {"Pos": [48, 48], "Type": "Circle", "Size": 48, "Anchor": [0, 0], "CollisionType": "Semi", "HasTwoAnchors": false}, "Textures": [{"Image": "Offroad_Wheel.png", "Pos": [0, 0], "Size": [96, 96]}], "Sounds": {"Crash": [["tyre_1.ogg", 1], ["tyre_2.ogg", 1], ["tyre_3.ogg", 1]], "Active": [[]], "Constraints": [[]], "Idle": [[]]}, "Count": 0}, "Empty Frame": {"Name": "Empty Frame", "Index": 2, "Type": "Stability", "Cost": 340, "Center": [32, 32], "Stex": "empty_frame.png", "Properties": {"Rot": 0, "Friction": 0.92, "Weight": 16, "Bounciness": 0.035, "JoiningBehavior": "Provide"}, "ShowProperties": ["Weight"], "Description": ["cheap frame for everyday vehicle building use. Not very stable."], "JointData": {"BreakPoint": 5000, "Hardness": 1, "Type": "Solid", "Data": {}}, "Joints": [{"Type": "Provide", "Pos": [32, 0]}, {"Type": "Provide", "Pos": [64, 32]}, {"Type": "Provide", "Pos": [32, 64]}, {"Type": "Provide", "Pos": [0, 32]}], "Hitbox": {"Pos": [0, 0], "Type": "Rect", "Size": [64, 64], "Anchor": [32, 32], "CollisionType": "Full"}, "Textures": [{"Image": "empty_frame.png", "Pos": [0, 0], "Size": [64, 64]}], "Sounds": {"Crash": [["suspension_2.ogg", 0.5], ["metal_crash_3.ogg", 0.5], ["metal_crash_4.ogg", 0.5]], "Active": [[]], "Constraints": [[]], "Idle": [[]]}, "Count": 0}, "Small Stabilisator": {"Name": "Small Stabilisator", "Index": 2, "Type": "Control", "Cost": 7500, "Center": [16, 32], "Stex": "small_stabilisator.png", "Properties": {"Rot": 0, "Friction": 0.96, "Weight": 40, "Bounciness": 0.02, "JoiningBehavior": "Accept", "LimitsAngularVelocity": 7, "Thrust": null, "Angle": null}, "Description": ["A small high-tech device that stabilizes vehicles.", "Looks better if placed last.", "it will constantly try to prevent rotation", "of itself and its neighboring parts"], "ShowProperties": ["Weight", "LimitsAngularVelocity"], "JointData": {"BreakPoint": 38000, "Hardness": 1, "Type": "Solid", "Data": {}}, "Joints": [{"Type": "Provide", "Pos": [32, 32]}, {"Type": "Provide", "Pos": [0, 32]}], "Hitbox": {"Pos": [0, 0], "Type": "Rect", "Size": [32, 64], "Anchor": [16, 32], "CollisionType": "Full"}, "Textures": [{"Image": "small_stabilisator.png", "Pos": [0, 0], "Size": [32, 64]}], "Sounds": {"Crash": [["suspension_2.ogg", 0.5], ["metal_crash_1.ogg", 0.5], ["metal_crash_4.ogg", 0.5]], "Active": [[]], "Constraints": [[]], "Idle": [[]]}, "Count": 0}, "Racing Wheel": {"Name": "Racing Wheel", "Index": 87659, "Type": "Wheel", "Cost": 10000, "Stex": "racing_wheelNew.png", "Center": [32, 32], "Properties": {"Rot": 0, "FuelUse": 0.6, "MaxImpulse": 1080, "Force": 2.65, "Friction": 1.4, "Weight": 26, "Bounciness": 0.05, "JoiningBehavior": "Accept"}, "Description": ["A wheel which can resust large amounts of pressure it can spin very fast", "connect it to an engine to power it"], "ShowProperties": ["Weight", "Force"], "JointData": {"BreakPoint": 4000, "Type": "Spring", "Data": {"Distance": 66, "Damping": 3, "Stiffness": 9000}}, "Build": {"NeedsJoint": 1, "HasRotation": 1}, "Joints": [{"Type": "Accept", "Pos": [32, 0]}], "Hitbox": {"Pos": [32, 32], "Type": "Circle", "Size": 32, "Anchor": [0, 0], "CollisionType": "Semi", "HasTwoAnchors": false}, "Textures": [{"Image": "racing_wheelNew.png", "Pos": [0, 0], "Size": [64, 64]}], "Sounds": {"Crash": [["tyre_1.ogg", 1], ["tyre_2.ogg", 1], ["tyre_3.ogg", 1]], "Active": [[]], "Constraints": [[]], "Idle": [[]]}, "Count": 0}, "Half Metal Frame": {"Name": "Half Metal Frame", "Index": 2, "Type": "Stability", "Cost": 300, "Center": [32, 16], "Stex": "half_frame.png", "Properties": {"Rot": 0, "Friction": 0.95, "Weight": 13, "Bounciness": 0.015, "JoiningBehavior": "Provide"}, "Description": ["half frame for everyday vehicle building use."], "ShowProperties": ["Weight"], "JointData": {"BreakPoint": 12000, "Hardness": 1, "Type": "Solid", "Data": {}}, "Joints": [{"Type": "Provide", "Pos": [32, 0]}, {"Type": "Provide", "Pos": [64, 16]}, {"Type": "Provide", "Pos": [32, 32]}, {"Type": "Provide", "Pos": [0, 16]}], "Hitbox": {"Pos": [0, 0], "Type": "Rect", "Size": [64, 32], "Anchor": [32, 16], "CollisionType": "Full"}, "Textures": [{"Image": "half_frame.png", "Pos": [0, 0], "Size": [64, 32]}], "Sounds": {"Crash": [["suspension_2.ogg", 0.5], ["metal_crash_3.ogg", 0.5], ["metal_crash_4.ogg", 0.5]], "Active": [[]], "Constraints": [[]], "Idle": [[]]}, "Count": 0}, "Metal Frame": {"Name": "Metal Frame", "Index": 2, "Type": "Stability", "Cost": 600, "Center": [32, 32], "Stex": "frameNew.png", "Properties": {"Rot": 0, "Friction": 0.95, "Weight": 25, "Bounciness": 0.015, "JoiningBehavior": "Provide"}, "Description": ["frame for everyday vehicle building use."], "ShowProperties": ["Weight"], "JointData": {"BreakPoint": 26000, "Hardness": 1, "Type": "Solid", "Data": {}}, "Joints": [{"Type": "Provide", "Pos": [32, 0]}, {"Type": "Provide", "Pos": [64, 32]}, {"Type": "Provide", "Pos": [32, 64]}, {"Type": "Provide", "Pos": [0, 32]}], "Hitbox": {"Pos": [0, 0], "Type": "Rect", "Size": [64, 64], "Anchor": [32, 32], "CollisionType": "Full"}, "Textures": [{"Image": "frameNew.png", "Pos": [0, 0], "Size": [64, 64]}], "Sounds": {"Crash": [["suspension_2.ogg", 0.5], ["metal_crash_3.ogg", 0.5], ["metal_crash_4.ogg", 0.5]], "Active": [[]], "Constraints": [[]], "Idle": [[]]}, "Count": 0}, "Stable Metal Frame corner": {"Name": "Stable Metal Frame corner", "Index": 3, "Type": "Stability", "Cost": 1200, "Center": [32, 32], "Stex": "stable_frame_corner.png", "Properties": {"Rot": 0, "Friction": 0.94, "Weight": 20, "Bounciness": 0.03, "JoiningBehavior": "Provide"}, "ShowProperties": ["Weight"], "JointData": {"BreakPoint": 40000, "Hardness": 1, "Type": "Solid", "Data": {}}, "Description": ["Made out of very stable metal, this is a next-gen version of the triangular frame"], "Build": {"NeedsJoint": 0, "HasRotation": 1}, "Joints": [{"Type": "Provide", "Pos": [32, 64]}, {"Type": "Provide", "Pos": [0, 32]}, {"Type": "Provide", "Pos": [32, 32]}], "Hitbox": {"Pos": [0, 0], "Type": "Poly", "Size": [[0, 0], [0, 64], [64, 64]], "Anchor": [32, 32], "CollisionType": "Full"}, "Textures": [{"Image": "stable_frame_corner.png", "Pos": [0, 0], "Size": [64, 64]}], "Sounds": {"Crash": [["suspension_2.ogg", 0.5], ["metal_crash_3.ogg", 0.5], ["metal_crash_4.ogg", 0.5]], "Active": [[]], "Constraints": [[]], "Idle": [[]]}, "Count": 0}, "Old Thruster": {"Name": "Old Thruster", "Index": 2, "Type": "Control", "Cost": 13500, "Center": [32, 32], "Stex": "old_thruster.png", "Properties": {"Rot": 0, "Friction": 0.96, "Weight": 50, "Bounciness": 0.02, "JoiningBehavior": "Provide", "LimitsAngularVelocity": null, "Thrust": 475, "Angle": [180, "Permanent", [0, 0]]}, "Description": ["A old-school, but cheap thruster.", "It applies force in the direction it is facing.", "does not require engines to operate"], "ShowProperties": ["Weight", "Thrust"], "JointData": {"BreakPoint": 23000, "Hardness": 0.98, "Type": "Solid", "Data": {}}, "Joints": [{"Type": "Provide", "Pos": [32, 0]}, {"Type": "Provide", "Pos": [64, 32]}, {"Type": "Provide", "Pos": [32, 64]}], "Hitbox": {"Pos": [0, 0], "Type": "Rect", "Size": [64, 64], "Anchor": [32, 32], "CollisionType": "Full"}, "Textures": [{"Image": "old_thruster.png", "Pos": [0, 0], "Size": [64, 64]}], "Sounds": {"Crash": [["suspension_2.ogg", 0.5], ["metal_crash_1.ogg", 0.5], ["metal_crash_4.ogg", 0.5]], "Active": [[]], "Constraints": [[]], "Idle": [[]]}, "Count": 0}, "Large Wheel": {"Name": "Large Wheel", "Index": 1, "Type": "Wheel", "Cost": 3800, "Stex": "large_wheel.png", "Center": [48, 48], "Properties": {"Rot": 0, "FuelUse": 0.2, "MaxImpulse": 1080, "Force": 1.6, "Friction": 1.2, "Weight": 36, "Bounciness": 0.1, "JoiningBehavior": "Accept"}, "ShowProperties": ["Weight", "Force"], "JointData": {"BreakPoint": 4750, "Type": "Spring", "Data": {"Distance": 86, "Damping": 2.6, "Stiffness": 2300}}, "Description": ["A upscaled version of the normal wheel", "connect it to an engine to power it."], "Build": {"NeedsJoint": 1, "HasRotation": 1}, "Joints": [{"Type": "Accept", "Pos": [48, 0]}], "Hitbox": {"Pos": [48, 48], "Type": "Circle", "Size": 48, "Anchor": [0, 0], "CollisionType": "Semi", "HasTwoAnchors": false}, "Textures": [{"Image": "large_wheel.png", "Pos": [0, 0], "Size": [96, 96]}], "Sounds": {"Crash": [["tyre_1.ogg", 1], ["tyre_2.ogg", 1], ["tyre_3.ogg", 1]], "Active": [[]], "Constraints": [[]], "Idle": [[]]}, "Count": 0}, "Large Control Unit": {"Name": "Large Control Unit", "Index": 2, "Type": "Control", "Cost": 48000, "Center": [64, 64], "Stex": "large_control-unit.png", "Properties": {"Rot": 0, "Friction": 0.96, "Weight": 180, "Bounciness": 0.02, "JoiningBehavior": "Provide", "LimitsAngularVelocity": 1.58, "Thrust": 2200, "Angle": [180, "Permanent", [0, 0]]}, "Description": ["A very modern control unit, contains a super strong thruster", "and a stabilisator. Does not require engines to operate"], "ShowProperties": ["Weight", "Thrust", "LimitsAngularVelocity"], "JointData": {"BreakPoint": 64000, "Hardness": 1, "Type": "Solid", "Data": {}}, "Joints": [{"Type": "Provide", "Pos": [64, 0]}, {"Type": "Provide", "Pos": [128, 64]}, {"Type": "Provide", "Pos": [64, 128]}], "Hitbox": {"Pos": [0, 0], "Type": "Rect", "Size": [128, 128], "Anchor": [64, 64], "CollisionType": "Full"}, "Textures": [{"Image": "large_control-unit.png", "Pos": [0, 0], "Size": [128, 128]}], "Sounds": {"Crash": [["suspension_2.ogg", 0.5], ["metal_crash_1.ogg", 0.5], ["metal_crash_4.ogg", 0.5]], "Active": [[]], "Constraints": [[]], "Idle": [[]]}, "Count": 0}, "Monster Wheel": {"Name": "Monster Wheel", "Index": 6, "Type": "Wheel", "Cost": 13000, "Stex": "monster_wheelNew.png", "Center": [64, 64], "Properties": {"Rot": 0, "FuelUse": 0.2, "MaxImpulse": 1080, "Force": 3.2, "Friction": 1.1, "Weight": 50, "Bounciness": 0.2, "JoiningBehavior": "Accept"}, "Description": ["Large wheel, used for creating vehicles", "that should be fast and able to drive up steep slopes", "connect it to an engine to ppower it"], "ShowProperties": ["Weight", "Force"], "JointData": {"BreakPoint": 10000, "Type": "Spring", "Data": {"Distance": 100, "Damping": 6.5, "Stiffness": 7500}}, "Build": {"NeedsJoint": 1, "HasRotation": 1}, "Joints": [{"Type": "Accept", "Pos": [64, 0]}], "Hitbox": {"Pos": [64, 64], "Type": "Circle", "Size": 64, "Anchor": [0, 0], "CollisionType": "Semi", "HasTwoAnchors": false}, "Textures": [{"Image": "monster_wheelNew.png", "Pos": [0, 0], "Size": [128, 128]}], "Sounds": {"Crash": [["tyre_1.ogg", 1], ["tyre_2.ogg", 1], ["tyre_3.ogg", 1]], "Active": [[]], "Constraints": [[]], "Idle": [[]]}, "Count": 0}, "Wheel": {"Name": "Wheel", "Index": 1, "Type": "Wheel", "Cost": 1500, "Stex": "wheelNew.png", "Center": [32, 32], "Properties": {"Rot": 0, "FuelUse": 0.2, "MaxImpulse": 1080, "Force": 1.75, "Friction": 1, "Weight": 22, "Bounciness": 0.1, "JoiningBehavior": "Accept"}, "ShowProperties": ["Weight", "Force"], "JointData": {"BreakPoint": 3000, "Type": "Spring", "Data": {"Distance": 72, "Damping": 10, "Stiffness": 3200}}, "Description": ["A normal wheel with a spring attached to it", "connect it to an engine to power it"], "Build": {"NeedsJoint": 1, "HasRotation": 1}, "Joints": [{"Type": "Accept", "Pos": [32, 0]}], "Hitbox": {"Pos": [32, 32], "Type": "Circle", "Size": 32, "Anchor": [0, 0], "CollisionType": "Semi", "HasTwoAnchors": false}, "Textures": [{"Image": "wheelNew.png", "Pos": [0, 0], "Size": [64, 64]}], "Sounds": {"Crash": [["tyre_1.ogg", 1], ["tyre_2.ogg", 1], ["tyre_3.ogg", 1]], "Active": [[]], "Constraints": [[]], "Idle": [[]]}, "Count": 0}, "Hyper Engine": {"Name": "Hyper Engine", "Index": 2, "Type": "Engine", "Cost": 32000, "Center": [32, 64], "Stex": "hyper_engine.png", "Properties": {"Rot": 0, "Friction": 0.95, "Weight": 134, "Bounciness": 0.015, "JoiningBehavior": "Provide", "RequiresOxygen": true, "Power": 2000}, "Description": ["The best engine of all time. Heavy. Powerful. High-Tech.", "provides power to connected wheels."], "ShowProperties": ["Weight", "Power", "RequiresOxygen"], "JointData": {"BreakPoint": 54000, "Hardness": 1, "Type": "Solid", "Data": {}}, "Joints": [{"Type": "Provide", "Pos": [64, 64]}, {"Type": "Provide", "Pos": [32, 128]}, {"Type": "Provide", "Pos": [0, 64]}], "Hitbox": {"Pos": [0, 0], "Type": "Rect", "Size": [64, 128], "Anchor": [32, 64], "CollisionType": "Full"}, "Textures": [{"Image": "hyper_engine.png", "Pos": [0, 0], "Size": [64, 128]}], "Sounds": {"Crash": [["suspension_2.ogg", 0.5], ["metal_crash_1.ogg", 0.5], ["metal_crash_4.ogg", 0.5]], "Active": [["hyper_engine.ogg", 0.2]], "Constraints": [[]], "Idle": [[]]}, "Count": 0}}, "Money": 18000, "xp": 0}