[{"JoinedParts": [0, 1], "JointData": {"BreakPoint": 5000, "Hardness": 1, "Type": "Solid", "Data": {}}, "PositionData": [[458.0, 389.0], [466.0, 392.0], [64, 64]], "SoundData": [["suspension_2.wav", 0.5], ["metal_crash_3.wav", 0.5], ["metal_crash_4.wav", 0.5]]}, {"JoinedParts": [0, 1], "JointData": {"BreakPoint": 5000, "Hardness": 1, "Type": "Solid", "Data": {}}, "PositionData": [[458.0, 389.0], [466.0, 392.0], [64, 64]], "SoundData": [["suspension_2.wav", 0.5], ["metal_crash_3.wav", 0.5], ["metal_crash_4.wav", 0.5]]}, {"JoinedParts": [0, 1], "JointData": {"BreakPoint": 5000, "Hardness": 1, "Type": "Solid", "Data": {}}, "PositionData": [[458.0, 389.0], [466.0, 392.0], [64, 64]], "SoundData": [["suspension_2.wav", 0.5], ["metal_crash_3.wav", 0.5], ["metal_crash_4.wav", 0.5]]}, {"JoinedParts": [0, 1], "JointData": {"BreakPoint": 5000, "Hardness": 1, "Type": "Solid", "Data": {}}, "PositionData": [[458.0, 389.0], [466.0, 392.0], [64, 64]], "SoundData": [["suspension_2.wav", 0.5], ["metal_crash_3.wav", 0.5], ["metal_crash_4.wav", 0.5]]}, {"JoinedParts": [1, 2], "JointData": {"BreakPoint": 26000, "Hardness": 1, "Type": "Solid", "Data": {}}, "PositionData": [[522.0, 389.0], [534.0, 393.0], [64, 64]], "SoundData": [["suspension_2.wav", 0.5], ["metal_crash_3.wav", 0.5], ["metal_crash_4.wav", 0.5]]}, {"JoinedParts": [1, 2], "JointData": {"BreakPoint": 26000, "Hardness": 1, "Type": "Solid", "Data": {}}, "PositionData": [[522.0, 389.0], [534.0, 393.0], [64, 64]], "SoundData": [["suspension_2.wav", 0.5], ["metal_crash_3.wav", 0.5], ["metal_crash_4.wav", 0.5]]}, {"JoinedParts": [1, 2], "JointData": {"BreakPoint": 26000, "Hardness": 1, "Type": "Solid", "Data": {}}, "PositionData": [[522.0, 389.0], [534.0, 393.0], [64, 64]], "SoundData": [["suspension_2.wav", 0.5], ["metal_crash_3.wav", 0.5], ["metal_crash_4.wav", 0.5]]}, {"JoinedParts": [1, 2], "JointData": {"BreakPoint": 26000, "Hardness": 1, "Type": "Solid", "Data": {}}, "PositionData": [[522.0, 389.0], [534.0, 393.0], [64, 64]], "SoundData": [["suspension_2.wav", 0.5], ["metal_crash_3.wav", 0.5], ["metal_crash_4.wav", 0.5]]}, {"JoinedParts": [0, 3], "JointData": {"BreakPoint": 3000, "Type": "Spring", "Data": {"Distance": 72, "Damping": 10, "Stiffness": 3200}}, "PositionData": [[426.0, 421.0], [432.0, 433.0], [64, 64]], "SoundData": [["tyre_1.wav", 1], ["tyre_2.wav", 1], ["tyre_3.wav", 1]]}, {"JoinedParts": [0, 3], "JointData": {"BreakPoint": 3000, "Type": "Spring", "Data": {"Distance": 72, "Damping": 10, "Stiffness": 3200}}, "PositionData": [[426.0, 421.0], [432.0, 433.0], [64, 64]], "SoundData": [["tyre_1.wav", 1], ["tyre_2.wav", 1], ["tyre_3.wav", 1]]}, {"JoinedParts": [0, 3], "JointData": {"BreakPoint": 3000, "Type": "Spring", "Data": {"Distance": 72, "Damping": 10, "Stiffness": 3200}}, "PositionData": [[426.0, 421.0], [432.0, 433.0], [64, 64]], "SoundData": [["tyre_1.wav", 1], ["tyre_2.wav", 1], ["tyre_3.wav", 1]]}, {"JoinedParts": [0, 3], "JointData": {"BreakPoint": 3000, "Type": "Spring", "Data": {"Distance": 72, "Damping": 10, "Stiffness": 3200}}, "PositionData": [[426.0, 421.0], [432.0, 433.0], [64, 64]], "SoundData": [["tyre_1.wav", 1], ["tyre_2.wav", 1], ["tyre_3.wav", 1]]}, {"JoinedParts": [2, 4], "JointData": {"BreakPoint": 1750, "Type": "Spring", "Data": {"Distance": 74, "Damping": 18, "Stiffness": 1200}}, "PositionData": [[554.0, 421.0], [549.0, 425.0], [64, 64]], "SoundData": [["tyre_1.wav", 1], ["tyre_2.wav", 1], ["tyre_3.wav", 1]]}, {"JoinedParts": [2, 4], "JointData": {"BreakPoint": 1750, "Type": "Spring", "Data": {"Distance": 74, "Damping": 18, "Stiffness": 1200}}, "PositionData": [[554.0, 421.0], [549.0, 425.0], [64, 64]], "SoundData": [["tyre_1.wav", 1], ["tyre_2.wav", 1], ["tyre_3.wav", 1]]}, {"JoinedParts": [2, 4], "JointData": {"BreakPoint": 1750, "Type": "Spring", "Data": {"Distance": 74, "Damping": 18, "Stiffness": 1200}}, "PositionData": [[554.0, 421.0], [549.0, 425.0], [64, 64]], "SoundData": [["tyre_1.wav", 1], ["tyre_2.wav", 1], ["tyre_3.wav", 1]]}, {"JoinedParts": [2, 4], "JointData": {"BreakPoint": 1750, "Type": "Spring", "Data": {"Distance": 74, "Damping": 18, "Stiffness": 1200}}, "PositionData": [[554.0, 421.0], [549.0, 425.0], [64, 64]], "SoundData": [["tyre_1.wav", 1], ["tyre_2.wav", 1], ["tyre_3.wav", 1]]}]