{
    "Name": "Double Metal Frame",
    "Index": 2,
    "Type": "Stability",
    "Cost": 1000,
    "Center": [64,32],
    "Stex": "long_frame.png",
    "Properties": {
        "Rot": 0,
        "Friction": 0.95,
        "Weight": 44,
        "Bounciness": 0.015,
        "JoiningBehavior": "Provide"

    },
    "Description": ["Double frame for everyday vehicle building use."],
    "ShowProperties": ["Weight"],
    "JointData": {
        "BreakPoint": 18000,
        "Hardness": 1,
        "Type": "Solid",
        "Data":{
        }
    },
    "Joints":[
        {
            "Type": "Provide",
            "Pos": [64,0]
        },
        {
            "Type": "Provide",
            "Pos": [128,32]
        },
        {
            "Type": "Provide",
            "Pos": [64, 64]
        },
        {
            "Type": "Provide",
            "Pos": [0, 32]
        }
    ],
    "Hitbox":{
            "Pos": [0,0],
            "Type": "Rect",
            "Size":[128,64],
            "Anchor":[64,32],
            "CollisionType": "Full"
        },
    "Textures": [{
        "Image": "long_frame.png",
        "Pos": [0,0],
        "Size": [128,64]
    }],
    "Sounds": {
        "Crash": [["suspension_2.wav",0.5], ["metal_crash_3.wav",0.5], ["metal_crash_4.wav",0.5]],
        "Active": [[]],
        "Constraints":[[]],
        "Idle":[[]]
    }
    
}