{
    "Name": "V6 Engine",
    "Index": 4,
    "Type": "Engine",
    "Cost": 11000,
    "Stex": "V6_engine.png",
    "Center": [32,32],
    "Properties": {
        "Rot": 0,
        "Friction": 1.25,
        "Weight": 50,
        "Bounciness": 0.004,
        "JoiningBehavior": "Provide",
        "RequiresOxygen": true,
        "Power": 450

    },
    "ShowProperties": ["Weight", "Power", "RequiresOxygen"],
    "JointData": {
        "BreakPoint": 28000,
        "Hardness": 1,
        "Type": "Solid",
        "Data":{
        }
    },
    "Description": ["A light-weight engine used for everyday applications", "provides power to connected wheels."],
    "Joints":[
        {
            "Type": "Provide",
            "Pos": [32,0]
        },
        {
            "Type": "Provide",
            "Pos": [64,32]
        },
        {
            "Type": "Provide",
            "Pos": [32, 64]
        },
        {
            "Type": "Provide",
            "Pos": [0, 32]
        }
    ],
    "Hitbox":{
            "Pos": [0,0],
            "Type": "Rect",
            "Size":[64,64],
            "Anchor":[32,32],
            "CollisionType": "Full"
        },
    "Textures": [{
        "Image": "V6_engine.png",
        "Pos": [0,0],
        "Size": [64,64]
    }],
    "Sounds": {
        "Crash": [["tyre_2.wav",1], ["metal_crash_3.wav",0.5], ["metal_crash_4.wav",0.5]],
        "Active": [["v6_engine.wav", 0.2]],
        "Constraints":[[]],
        "Idle":[[]]
    }
}