{
    "Name": "Bike Wheel",
    "Index": 1,
    "Type": "Wheel",
    "Cost": 750,
    "Stex": "bike_tyre.png",
    "Center": [32,32],
    "Properties": {
        "Rot": 0,
        "FuelUse": 0.2,
        "MaxImpulse": 1080,
        "Force": 1.8,
        "Friction": 1,
        "Weight": 16,
        "Bounciness": 0.1,
        "JoiningBehavior": "Accept"
    },
    "Description": ["Small and light-weight wheel, stolen from a bike", "connect it to an engine to power it"],
    "ShowProperties": ["Weight", "Force"],
    "JointData": {
        "BreakPoint": 1750,
        "Type": "Spring",
        "Data":{
            "Distance": 74,
            "Damping": 18,
            "Stiffness": 1200
        }
    },
    "Build":{
        "NeedsJoint": 1,
        "HasRotation": 1
    },
    "Joints":[
        {
            "Type": "Accept",
            "Pos": [32,0]
        }
    ],
    "Hitbox":{
        "Pos": [32,32],
        "Type": "Circle",
        "Size": 32,
        "Anchor": [0,0],
        "CollisionType": "Semi",
        "HasTwoAnchors": false
    },
    "Textures": [{
        "Image": "bike_tyre.png",
        "Pos": [0,0],
        "Size": [64,64]
    }],
    "Sounds": {
        "Crash": [["tyre_1.ogg",1], ["tyre_2.ogg",1], ["tyre_3.ogg",1]],
        "Active": [[]],
        "Constraints":[[]],
        "Idle":[[]]
    }
}