{
    "Name": "Stable Metal Frame corner",
    "Index": 3,
    "Type": "Stability",
    "Cost": 1200,
    "Center": [32,32],
    "Stex": "stable_frame_corner.png",
    "Properties": {
        "Rot": 0,
        "Friction": 0.94,
        "Weight": 20,
        "Bounciness": 0.03,
        "JoiningBehavior": "Provide"
    },
    "ShowProperties": ["Weight"],
    "JointData": {
        "BreakPoint": 40000,
        "Hardness": 1,
        "Type": "Solid",
        "Data":{
        }
    },
    "Description": ["Made out of very stable metal, this is a next-gen version of the triangular frame"],
    "Build":{
        "NeedsJoint": 0,
        "HasRotation": 1
    },
    "Joints":[
        {
            "Type": "Provide",
            "Pos": [32, 64]
        },
        {
            "Type": "Provide",
            "Pos": [0, 32]
        },
        {
            "Type": "Provide",
            "Pos": [32, 32]
        }
    ],
    "Hitbox":{
        "Pos": [0,0],
        "Type": "Poly",
        "Size":[[0,0], [0,64], [64,64]],
        "Anchor": [32,32],
        "CollisionType": "Full"
    },
    "Textures": [{
        "Image": "stable_frame_corner.png",
        "Pos": [0,0],
        "Size": [64,64]
    }],
    "Sounds": {
        "Crash": [["suspension_2.ogg",0.5], ["metal_crash_3.ogg",0.5], ["metal_crash_4.ogg",0.5]],
        "Active": [[]],
        "Constraints":[[]],
        "Idle":[[]]
    }

}