{
    "Gravity": [0,380],
    "Name": "Icy Mountains",
    "Background": [150, 155, 195],
    "Preview": "preview_icy.png",
    "MoneyMultiplicator": 4,
    "Description": "Slippery and steep, but well paid!",
    "Visuals":{
        "GroundColors": [[210, 210, 230], [180, 180, 195], [145, 145, 155], [115, 115, 120]],  
        "LayerHeights": [15,25,35,35],
        "HasSurfaceMarkings": false,
        "Assets":[{"image": "asset_sign_4.jpg", "size": [180,220], "offset": [-10, -200]},
            {"image": "asset_ice_1.png", "size": [200,250], "offset": [-10, -180]},
            {"image": "asset_ice_2.png", "size": [160,160], "offset": [-10, -120]},
            {"image": "asset_ice_3.png", "size": [160,140], "offset": [-10, -110]},
            {"image": "asset_ice_1.png", "size": [150,110], "offset": [-10, -100]},
            {"image": "asset_ice_2.png", "size": [200,200], "offset": [-160, -140]},
            {"image": "asset_ice_4.png", "size": [60,60], "offset": [-40, -40]},
            {"image": "asset_railing_1.jpg", "size": [150,160], "offset": [-10, -125]}],
        "Particles": null,
        "AssetFrequency": 3.2
    },
    "Terrain":{
        "Scale": 50,
        "Flatness": 1.5,
        "Difficulty": 3.25,
        "Layers": 3,
        "StartVariability": 20,
        "StartScale": 24,
        "UpscaleFactor": 1.3,
        "RandomNoise": [true, true, false]
    },
    "Physics":{
        "Friction": 0.45,
        "Bounce": 0.02,
        "Resistance": 0.002,
        "Oxygen": true
    }
}