{
    "Gravity": [0,200],
    "Name": "Ocean",
    "Background": [90, 140, 160],
    "Preview": "preview_ocean.png",
    "MoneyMultiplicator": 5,
    "Description": "Since there is water everywhere, moving here is not that easy...",
    "Visuals":{
        "GroundColors": [[170, 170, 120], [150,140, 45], [135, 125, 20], [130, 120, 0]],  
        "LayerHeights": [25,30,35,35],
        "HasSurfaceMarkings": false,
        "Assets": [
            {"image": "asset_rock_1.png", "size": [100,100], "offset": [-60, -50]},
            {"image": "asset_rock_2.png", "size": [50,50], "offset": [-40, -40]},
            {"image": "asset_rock_4.jpg", "size": [100,100], "offset": [-70, -70]},
            {"image": "asset_sea_rock_1.png", "size": [120,80], "offset": [-70, -40]},
            {"image": "asset_sea_rock_2.png", "size": [130,70], "offset": [-100, -45]},
            {"image": "asset_sea_rock_3.png", "size": [110,80], "offset": [-85, -50]},
            {"image": "asset_shell_1.png", "size": [80,80], "offset": [-50, -20]},
            {"image": "asset_shell_2.png", "size": [110,110], "offset": [-75, -20]}
        ],
        "Particles": "Bubbles",
        "AssetFrequency": 9
    },
    "Terrain":{
        "Scale": 60,
        "Flatness": 2,
        "Difficulty": 4,
        "Layers": 3,
        "StartVariability": 30,
        "StartScale": 24,
        "UpscaleFactor": 1.2,
        "RandomNoise": [true, true, false]
    },
    "Physics":{
        "Friction": 0.7,
        "Bounce": 0.08,
        "Resistance": 0.0275,
        "Oxygen": false
    }
}