[null, null, null, null, null, {"name": "Old Engine", "Index": 5, "Textures": [{"Image": "old_engine.png", "Pos": [0, 0], "Size": [64, 64]}], "Pos": [267, 392], "Type": "Engine", "Rotation": 0, "Center": [32, 32], "refundValue": 4688, "CanStandAlone": true, "Joints": [{"Type": "Provide", "Pos": [0.0, -32.0]}, {"Type": "Provide", "Pos": [32.0, 0.0]}, {"Type": "Provide", "Pos": [0.0, 32.0]}, {"Type": "Provide", "Pos": [-32.0, 0.0]}], "Hitbox": {"Pos": [0, 0], "Type": "Rect", "Size": [64, 64], "Anchor": [32, 32], "CollisionType": "Full"}, "Properties": {"Rot": 0, "Friction": 1.25, "Weight": 60, "Bounciness": 0.004, "JoiningBehavior": "Provide", "Power": 330}, "CrashSounds": [["tyre_2.ogg", 1], ["metal_crash_3.ogg", 0.5], ["metal_crash_4.ogg", 0.5]], "IdleSounds": [[]], "ActiveSounds": [["old_engine.ogg", 0.2]], "ConstraintSounds": [[]], "JoinedWith": [], "ShowProperties": ["Weight", "Power"], "Description": ["An old engine with a good amount of power for its price. it is quite heavy.", "provides power to connected wheels."]}, {"name": "Stable Double Metal Frame", "Index": 6, "Textures": [{"Image": "long_stable_frame.png", "Pos": [0, 0], "Size": [128, 64]}], "Pos": [363.0, 392.0], "Type": "Stability", "Rotation": 0, "Center": [64, 32], "refundValue": 2625, "CanStandAlone": true, "Joints": [{"Type": "Provide", "Pos": [0.0, -32.0]}, {"Type": "Provide", "Pos": [64.0, 0.0]}, {"Type": "Provide", "Pos": [0.0, 32.0]}, {"Type": "Provide", "Pos": [-64.0, 0.0]}], "Hitbox": {"Pos": [0, 0], "Type": "Rect", "Size": [128, 64], "Anchor": [64, 32], "CollisionType": "Full"}, "Properties": {"Rot": 0, "Friction": 0.95, "Weight": 62, "Bounciness": 0.015, "JoiningBehavior": "Provide"}, "CrashSounds": [["suspension_2.ogg", 0.5], ["metal_crash_3.ogg", 0.5], ["metal_crash_4.ogg", 0.5]], "IdleSounds": [[]], "ActiveSounds": [[]], "ConstraintSounds": [[]], "JoinedWith": [[5, 6], [5, 6], [5, 6], [5, 6]], "ShowProperties": ["Weight"], "Description": ["Made out of very stable metal, this is a next-gen version of the double frame"]}, {"name": "Bike Wheel", "Index": 7, "Textures": [{"Image": "bike_tyre.png", "Pos": [0, 0], "Size": [64, 64]}], "Pos": [267.0, 456.0], "Type": "Wheel", "Rotation": 0, "Center": [32, 32], "refundValue": 562, "CanStandAlone": true, "Joints": [{"Type": "Accept", "Pos": [0.0, -32.0]}], "Hitbox": {"Pos": [32, 32], "Type": "Circle", "Size": 32, "Anchor": [0, 0], "CollisionType": "Semi", "HasTwoAnchors": false}, "Properties": {"Rot": 0, "FuelUse": 0.2, "MaxImpulse": 1080, "Force": 1.8, "Friction": 1, "Weight": 16, "Bounciness": 0.1, "JoiningBehavior": "Accept"}, "CrashSounds": [["tyre_1.ogg", 1], ["tyre_2.ogg", 1], ["tyre_3.ogg", 1]], "IdleSounds": [[]], "ActiveSounds": [[]], "ConstraintSounds": [[]], "JoinedWith": [[5, 7], [5, 7], [5, 7], [5, 7]], "ShowProperties": ["Weight", "Force"], "Description": ["Small and light-weight wheel, stolen from a bike", "connect it to an engine to power it"]}, {"name": "Bike Wheel", "Index": 8, "Textures": [{"Image": "bike_tyre.png", "Pos": [0, 0], "Size": [64, 64]}], "Pos": [449.62741699796953, 414.62741699796953], "Type": "Wheel", "Rotation": 45, "Center": [32, 32], "refundValue": 562, "CanStandAlone": true, "Joints": [{"Type": "Accept", "Pos": [-22.627416997969522, -22.627416997969522]}], "Hitbox": {"Pos": [32, 32], "Type": "Circle", "Size": 32, "Anchor": [0, 0], "CollisionType": "Semi", "HasTwoAnchors": false}, "Properties": {"Rot": 0, "FuelUse": 0.2, "MaxImpulse": 1080, "Force": 1.8, "Friction": 1, "Weight": 16, "Bounciness": 0.1, "JoiningBehavior": "Accept"}, "CrashSounds": [["tyre_1.ogg", 1], ["tyre_2.ogg", 1], ["tyre_3.ogg", 1]], "IdleSounds": [[]], "ActiveSounds": [[]], "ConstraintSounds": [[]], "JoinedWith": [[6, 8], [6, 8], [6, 8], [6, 8]], "ShowProperties": ["Weight", "Force"], "Description": ["Small and light-weight wheel, stolen from a bike", "connect it to an engine to power it"]}, {"name": "Bike Wheel", "Index": 9, "Textures": [{"Image": "bike_tyre.png", "Pos": [0, 0], "Size": [64, 64]}], "Pos": [244.37258300203047, 337.37258300203047], "Type": "Wheel", "Rotation": -135, "Center": [32, 32], "refundValue": 562, "CanStandAlone": true, "Joints": [{"Type": "Accept", "Pos": [22.627416997969522, 22.62741699796952]}], "Hitbox": {"Pos": [32, 32], "Type": "Circle", "Size": 32, "Anchor": [0, 0], "CollisionType": "Semi", "HasTwoAnchors": false}, "Properties": {"Rot": 0, "FuelUse": 0.2, "MaxImpulse": 1080, "Force": 1.8, "Friction": 1, "Weight": 16, "Bounciness": 0.1, "JoiningBehavior": "Accept"}, "CrashSounds": [["tyre_1.ogg", 1], ["tyre_2.ogg", 1], ["tyre_3.ogg", 1]], "IdleSounds": [[]], "ActiveSounds": [[]], "ConstraintSounds": [[]], "JoinedWith": [[5, 9], [5, 9], [5, 9], [5, 9]], "ShowProperties": ["Weight", "Force"], "Description": ["Small and light-weight wheel, stolen from a bike", "connect it to an engine to power it"]}]