[null, null, null, null, null, null, null, null, null, null, {"JoinedParts": [5, 6], "JointData": {"BreakPoint": 74000, "Hardness": 0.98, "Type": "Solid", "Data": {}}, "PositionData": [[299.0, 392.0], [295.0, 405.0]], "SoundData": [["suspension_2.ogg", 0.5], ["metal_crash_3.ogg", 0.5], ["metal_crash_4.ogg", 0.5]]}, {"JoinedParts": [5, 6], "JointData": {"BreakPoint": 74000, "Hardness": 0.98, "Type": "Solid", "Data": {}}, "PositionData": [[299.0, 392.0], [295.0, 405.0]], "SoundData": [["suspension_2.ogg", 0.5], ["metal_crash_3.ogg", 0.5], ["metal_crash_4.ogg", 0.5]]}, {"JoinedParts": [5, 7], "JointData": {"BreakPoint": 10000, "Type": "Spring", "Data": {"Distance": 74, "Damping": 18, "Stiffness": 1200}}, "PositionData": [[267.0, 424.0], [275.0, 414.0]], "SoundData": [["tyre_1.ogg", 1], ["tyre_2.ogg", 1], ["tyre_3.ogg", 1]]}, null, {"JoinedParts": [5, 7], "JointData": {"BreakPoint": 10000, "Type": "Spring", "Data": {"Distance": 74, "Damping": 18, "Stiffness": 1200}}, "PositionData": [[267.0, 424.0], [275.0, 414.0]], "SoundData": [["tyre_1.ogg", 1], ["tyre_2.ogg", 1], ["tyre_3.ogg", 1]]}, null, {"JoinedParts": [6, 8], "JointData": {"BreakPoint": 10000, "Type": "Spring", "Data": {"Distance": 74, "Damping": 18, "Stiffness": 1200}}, "PositionData": [[427.0, 392.0], [434.37258300203047, 386.37258300203047]], "SoundData": [["tyre_1.ogg", 1], ["tyre_2.ogg", 1], ["tyre_3.ogg", 1]]}, {"JoinedParts": [6, 8], "JointData": {"BreakPoint": 10000, "Type": "Spring", "Data": {"Distance": 74, "Damping": 18, "Stiffness": 1200}}, "PositionData": [[427.0, 392.0], [434.37258300203047, 386.37258300203047]], "SoundData": [["tyre_1.ogg", 1], ["tyre_2.ogg", 1], ["tyre_3.ogg", 1]]}, {"JoinedParts": [6, 8], "JointData": {"BreakPoint": 10000, "Type": "Spring", "Data": {"Distance": 74, "Damping": 18, "Stiffness": 1200}}, "PositionData": [[427.0, 392.0], [434.37258300203047, 386.37258300203047]], "SoundData": [["tyre_1.ogg", 1], ["tyre_2.ogg", 1], ["tyre_3.ogg", 1]]}, {"JoinedParts": [6, 8], "JointData": {"BreakPoint": 10000, "Type": "Spring", "Data": {"Distance": 74, "Damping": 18, "Stiffness": 1200}}, "PositionData": [[427.0, 392.0], [434.37258300203047, 386.37258300203047]], "SoundData": [["tyre_1.ogg", 1], ["tyre_2.ogg", 1], ["tyre_3.ogg", 1]]}, {"JoinedParts": [5, 9], "JointData": {"BreakPoint": 10000, "Type": "Spring", "Data": {"Distance": 74, "Damping": 18, "Stiffness": 1200}}, "PositionData": [[267.0, 360.0], [259.62741699796953, 359.62741699796953]], "SoundData": [["tyre_1.ogg", 1], ["tyre_2.ogg", 1], ["tyre_3.ogg", 1]]}, {"JoinedParts": [5, 9], "JointData": {"BreakPoint": 10000, "Type": "Spring", "Data": {"Distance": 74, "Damping": 18, "Stiffness": 1200}}, "PositionData": [[267.0, 360.0], [259.62741699796953, 359.62741699796953]], "SoundData": [["tyre_1.ogg", 1], ["tyre_2.ogg", 1], ["tyre_3.ogg", 1]]}, {"JoinedParts": [5, 9], "JointData": {"BreakPoint": 10000, "Type": "Spring", "Data": {"Distance": 74, "Damping": 18, "Stiffness": 1200}}, "PositionData": [[267.0, 360.0], [259.62741699796953, 359.62741699796953]], "SoundData": [["tyre_1.ogg", 1], ["tyre_2.ogg", 1], ["tyre_3.ogg", 1]]}, {"JoinedParts": [5, 9], "JointData": {"BreakPoint": 10000, "Type": "Spring", "Data": {"Distance": 74, "Damping": 18, "Stiffness": 1200}}, "PositionData": [[267.0, 360.0], [259.62741699796953, 359.62741699796953]], "SoundData": [["tyre_1.ogg", 1], ["tyre_2.ogg", 1], ["tyre_3.ogg", 1]]}]