{
    "Title": "Editing Parts",
    "Contents":[
        {
            "Element": "TEXT",
            "Size": "LARGE",
            "Content": ["Editing parts"]
        },
        {
            "Element": "IMG",
            "Size": [400,250],
            "Content": "_t_3.png"
        },
        {
            "Element": "TEXT",
            "Size": "MEDIUM",
            "Content": ["After clicking a placed part, a menu shows up",
            "In which you can sell, delete, move and get information to the selected part.",
            "Rotating parts is possible by using the A and D keys (not recommended in web),",
            "or hovering the part above the rotate part button (marked in the image above),",
            " which will rotate it by 45 degrees.",
            "Selling a part returns 75 percent of its shop value to you."]
        }
    ]
}
