{
    "Name": "Stable Metal Frame",
    "Index": 2,
    "Type": "Stability",
    "Cost": 2000,
    "Center": [32,32],
    "Stex": "stable_frame.png",
    "Properties": {
        "Rot": 0,
        "Friction": 0.95,
        "Weight": 33,
        "Bounciness": 0.015,
        "JoiningBehavior": "Provide"

    },
    "ShowProperties": ["Weight"],
    "JointData": {
        "BreakPoint": 46000,
        "Hardness": 1,
        "Type": "Solid",
        "Data":{
        }
    },
    "Description": ["Made out of very stable metal, this is a next-gen version of the frame"],
    "Joints":[
        {
            "Type": "Provide",
            "Pos": [32,0]
        },
        {
            "Type": "Provide",
            "Pos": [64,32]
        },
        {
            "Type": "Provide",
            "Pos": [32, 64]
        },
        {
            "Type": "Provide",
            "Pos": [0, 32]
        }
    ],
    "Hitbox":{
            "Pos": [0,0],
            "Type": "Rect",
            "Size":[64,64],
            "Anchor":[32,32],
            "CollisionType": "Full"
        },
    "Textures": [{
        "Image": "stable_frame.png",
        "Pos": [0,0],
        "Size": [64,64]
    }],
    "Sounds": {
        "Crash": [["suspension_2.ogg",0.5], ["metal_crash_3.ogg",0.5], ["metal_crash_4.ogg",0.5]],
        "Active": [[]],
        "Constraints":[[]],
        "Idle":[[]]
    }
    
}