{
    "Gravity": [0,240],
    "Name": "Mars",
    "Background": [190, 160, 150],
    "Preview": "preview_mars.png",
    "MoneyMultiplicator": 3,
    "Description": "The Red Planet, hostile, but exploring is worth it! (No Oxygen availble)",
    "Visuals":{
        "GroundColors": [[220, 160, 140], [160,110, 95], [110, 95, 92], [115, 107, 108]],  
        "LayerHeights": [25,25,35,45],
        "HasSurfaceMarkings": false,
        "Assets": [            
        {"image": "asset_ice_4.png", "size": [60,60], "offset": [-40, -40]},
        {"image": "asset_probe.png", "size": [60,140], "offset": [-45, -130]},
        {"image": "asset_rock_6.png", "size": [140,220], "offset": [-105, -170]},
        {"image": "asset_rock_7.png", "size": [140,220], "offset": [-105, -170]},
        {"image": "asset_rock_8.png", "size": [140,200], "offset": [-105, -150]},
        {"image": "asset_rock_8.png", "size": [80,120], "offset": [-55, -90]},
        {"image": "asset_rock_9.png", "size": [100,60], "offset": [-75, -44]},
        {"image": "asset_rock_9.png", "size": [70,45], "offset": [-55, -34]},
        {"image": "asset_sign_5.png", "size": [60,160], "offset": [-45, -130]}
        ],

        "AssetFrequency": 4
    },
    "Terrain":{
        "Scale": 60,
        "Flatness": 1.25,
        "Difficulty": 3.5,
        "Layers": 3,
        "StartVariability": 14,
        "StartScale": 24,
        "UpscaleFactor": 2,
        "RandomNoise": [true, true, true]
    },
    "Physics":{
        "Friction": 0.8,
        "Bounce": 0.02,
        "Oxygen": false
    }
}